Fournisseur,Code,Prix,Durée,Début,Fin,Catégorie,Zone,Camp Mina,Capacité,Places restantes (pas à jour),Date d'ajout,Nombre de guides, pélerins par guide,lien Nusuk
Al Bait Guests for Pilgrims Services,Al Bait Gustes Z1000,15950.07,27,2024-05-28,2024-06-24,Standard,Zone D,AlMuaisim Camp,116,108,2024-02-27T14:35:26.9107111,8,15,https://hajj.nusuk.sa/sp/package/summary/8c120000-56b2-0050-0199-08dc37a15707
Al Bait Guests for Pilgrims Services,Al Bait Gustes Z2000,15950.07,25,2024-05-30,2024-06-24,Standard,Zone D,AlMuaisim Camp,68,63,2024-02-27T14:40:17.8805289,5,15,https://hajj.nusuk.sa/sp/package/summary/383f0000-56b2-0050-7a1c-08dc37a20475
Al Bait Guests for Pilgrims Services,Al Bait Gustes Z3000,15950.07,23,2024-06-01,2024-06-24,Standard,Zone D,AlMuaisim Camp,68,61,2024-02-27T14:07:39.0123623,7,10,https://hajj.nusuk.sa/sp/package/summary/38340000-56b2-0050-ea5c-08dc379d74e1
Al Bait Guests for Pilgrims Services,Al Bait Gustes Z4000,15950.07,21,2024-06-03,2024-06-24,Standard,Zone D,AlMuaisim Camp,20,18,2024-02-27T14:45:24.9237648,2,10,https://hajj.nusuk.sa/sp/package/summary/24330000-56b2-0050-8e79-08dc37a2bb78
Al Bait Guests for Pilgrims Services,Al Bait Gustes Z5000,15950.07,19,2024-06-05,2024-06-24,Standard,Zone C,AlMuaisim Camp,60,54,2024-02-27T13:55:27.1906125,6,10,https://hajj.nusuk.sa/sp/package/summary/343a0000-56b2-0050-c73a-08dc379bc0ae
Al Bait Guests for Pilgrims Services,Al Bait Gustes Z7000,15950.07,16,2024-06-07,2024-06-23,Standard,Zone D,AlMuaisim Camp,8,7,2024-02-27T13:47:26.313313,1,8,https://hajj.nusuk.sa/sp/package/summary/442b0000-56b2-0050-b9bc-08dc379aa20e
Al Bait Guests for Pilgrims Services,Z11000 Al Bait Gustes,15950.07,22,2024-06-10,2024-07-02,Standard,Zone D,AlMuaisim Camp,60,54,2024-02-27T13:15:28.1152325,6,10,https://hajj.nusuk.sa/sp/package/summary/cc240000-56b2-0050-ed36-08dc37962ab8
MCDC For Hajj And Umrah servises,MCDC9075JN,19777.0,14,2024-06-07,2024-06-21,Standard,Zone D,AlMuaisim Camp,32,31,2024-02-25T19:36:43.0764252,1,32,https://hajj.nusuk.sa/sp/package/summary/88190000-56b2-0050-80ca-08dc3639186f
MCDC For Hajj And Umrah servises,MCDC8888JN,19888.0,14,2024-06-07,2024-06-21,Standard,Zone C,AlMuaisim Camp,20,19,2024-02-27T01:14:25.3166088,1,20,https://hajj.nusuk.sa/sp/package/summary/383f0000-56b2-0050-bdfc-08dc37317015
Ithraa alkhair for pilgrims services,Ithraa Al Khair 52,19990.0,15,2024-06-10,2024-06-25,Standard,Zone A,AlMuaisim Camp,92,90,2024-02-15T18:11:45.9368199,2,50,https://hajj.nusuk.sa/sp/package/summary/98060000-56b2-0050-3905-08dc2e51922c
Company AL RAJHI LIKHDEMAT AL TAJARIA MASANDA,3Standard Value 2,19999.99,17,2024-06-07,2024-06-24,Standard,Zone D,AlMuaisim Camp,94,92,2024-02-23T21:21:31.4663278,2,48,https://hajj.nusuk.sa/sp/package/summary/c8220000-56b2-0050-2763-08dc34b567c8
Ithraa alkhair for pilgrims services,Ithraa Al Khair 62,20999.99,15,2024-06-10,2024-06-25,Standard,Zone A,AlMuaisim Camp,32,31,2024-02-21T21:32:59.7472148,1,32,https://hajj.nusuk.sa/sp/package/summary/d4950000-56b2-0050-fb85-08dc3324ad33
Company AL RAJHI LIKHDEMAT AL TAJARIA MASANDA,2Standard Value 2,21798.79,14,2024-06-10,2024-06-24,Standard,Zone D,AlMuaisim Camp,83,81,2024-02-23T21:10:43.518945,2,48,https://hajj.nusuk.sa/sp/package/summary/6c280000-56b2-0050-3ab8-08dc34b3e593
Company AL RAJHI LIKHDEMAT AL TAJARIA MASANDA,Standard Value 2,21798.79,17,2024-06-07,2024-06-24,Standard,Zone D,AlMuaisim Camp,353,345,2024-02-16T10:59:56.5618044,8,48,https://hajj.nusuk.sa/sp/package/summary/b4820000-56b2-0050-1773-08dc2ede6965
Ithraa alkhair for pilgrims services,Ithraa Al Khair 51,21824.65,15,2024-06-10,2024-06-25,Standard,Zone A,AlMuaisim Camp,160,158,2024-02-10T13:40:54.581595,2,100,https://hajj.nusuk.sa/sp/package/summary/f0750000-56b2-0050-7585-08dc2a3de78b
Ithraa alkhair for pilgrims services,Ithraa Al Khair 48,21995.05,17,2024-06-07,2024-06-24,Standard,Zone C,AlMuaisim Camp,96,94,2024-02-10T14:44:04.8611258,2,48,https://hajj.nusuk.sa/sp/package/summary/548a0000-56b2-0050-37a5-08dc2a46baba
Company AL RAJHI LIKHDEMAT AL TAJARIA MASANDA,2Luxury shifting Line 9,22210.0,25,2024-05-28,2024-06-22,Luxury - Shifting,Zone A,AlMuaisim Camp,17,16,2024-02-23T13:26:38.6299291,1,17,https://hajj.nusuk.sa/sp/package/summary/c8220000-56b2-0050-598b-08dc347310ba
Company AL RAJHI LIKHDEMAT AL TAJARIA MASANDA,Luxury shifting Line 9,22210.0,25,2024-05-28,2024-06-22,Luxury - Shifting,Zone A,AlMuaisim Camp,402,394,2024-02-23T12:17:38.735217,8,51,https://hajj.nusuk.sa/sp/package/summary/607b0000-56b2-0050-8c66-08dc34696d28
Company AL RAJHI LIKHDEMAT AL TAJARIA MASANDA,Luxury Shifting Line 20,22400.81,18,2024-06-10,2024-06-28,Luxury - Shifting,Zone A,AlMuaisim Camp,47,46,2024-02-14T16:20:29.2459365,1,47,https://hajj.nusuk.sa/sp/package/summary/446e0000-56b2-0050-4b58-08dc2d78dc24
Ithraa alkhair for pilgrims services,Ithraa Al Khair 46,22532.13,17,2024-06-07,2024-06-24,Standard,Zone C,AlMuaisim Camp,84,82,2024-02-10T13:36:32.0442919,2,50,https://hajj.nusuk.sa/sp/package/summary/dc950000-56b2-0050-720c-08dc2a3d4b0f
Company AL RAJHI LIKHDEMAT AL TAJARIA MASANDA,4Luxury Line Shifting 21,22543.24,18,2024-06-10,2024-06-28,Luxury - Shifting,Zone A,AlMuaisim Camp,11,10,2024-02-24T18:17:50.0082038,1,11,https://hajj.nusuk.sa/sp/package/summary/e0280000-56b2-0050-db58-08dc3564e8e4
Company AL RAJHI LIKHDEMAT AL TAJARIA MASANDA,2Luxury Line Shifting 21,22543.52,18,2024-06-10,2024-06-28,Luxury - Shifting,Zone A,AlMuaisim Camp,16,15,2024-02-24T06:27:49.7696818,1,16,https://hajj.nusuk.sa/sp/package/summary/e0280000-56b2-0050-5226-08dc3501b92c
Company AL RAJHI LIKHDEMAT AL TAJARIA MASANDA,3 Luxury Line Shifting 21,22543.52,19,2024-06-09,2024-06-28,Luxury - Shifting,Zone A,AlMuaisim Camp,110,108,2024-02-23T18:52:44.1587834,2,55,https://hajj.nusuk.sa/sp/package/summary/c8220000-56b2-0050-2073-08dc34a09eb1
Company AL RAJHI LIKHDEMAT AL TAJARIA MASANDA,Luxury Shifting Line 22,22544.11,18,2024-06-10,2024-06-28,Luxury - Shifting,Zone A,AlMuaisim Camp,141,138,2024-02-14T16:26:59.4845742,3,48,https://hajj.nusuk.sa/sp/package/summary/2c490000-56b2-0050-fc1e-08dc2d79c4bd
Company AL RAJHI LIKHDEMAT AL TAJARIA MASANDA,2Luxury Shifting 8,22904.08,27,2024-05-28,2024-06-24,Luxury - Shifting,Zone A,AlMuaisim Camp,230,225,2024-02-23T12:12:00.2925047,5,48,https://hajj.nusuk.sa/sp/package/summary/58470000-56b2-0050-49f5-08dc3468a36e
Company AL RAJHI LIKHDEMAT AL TAJARIA MASANDA,Luxury shifting Line 8,22904.08,25,2024-05-28,2024-06-22,Luxury - Shifting,Zone A,AlMuaisim Camp,338,331,2024-02-22T21:40:48.379864,7,49,https://hajj.nusuk.sa/sp/package/summary/28580000-56b2-0050-666f-08dc33eeeef1
Company AL RAJHI LIKHDEMAT AL TAJARIA MASANDA,Luxury Shifting Line 17,22909.72,18,2024-06-10,2024-06-28,Luxury - Shifting,Zone A,AlMuaisim Camp,428,419,2024-02-14T16:06:21.406416,9,48,https://hajj.nusuk.sa/sp/package/summary/48ab0000-56b2-0050-4014-08dc2d76e2ca
Company AL RAJHI LIKHDEMAT AL TAJARIA MASANDA,Luxury Shifting Line 19,22909.72,18,2024-06-10,2024-06-28,Luxury - Shifting,Zone A,AlMuaisim Camp,46,45,2024-02-14T16:17:29.9250746,1,46,https://hajj.nusuk.sa/sp/package/summary/2c490000-56b2-0050-1a28-08dc2d787142
Rawaf Mina Company for Pilgrimage Services,RAWAF AL NOZHA 304,22958.55,24,2024-06-02,2024-06-26,Standard,Zone D,AlMuaisim Camp,264,258,2024-02-17T17:01:14.0714918,6,46,https://hajj.nusuk.sa/sp/package/summary/ec530000-56b2-0050-5184-08dc2fda0c9c
Rawaf Mina Company for Pilgrimage Services,RAWAF AL NOZHA 305,22958.55,21,2024-06-05,2024-06-26,Standard,Zone D,AlMuaisim Camp,204,199,2024-02-18T08:34:08.0116384,5,46,https://hajj.nusuk.sa/sp/package/summary/ac7e0000-56b2-0050-c687-08dc305c5fad
Rawaf Mina Company for Pilgrimage Services,RAWAF AL NOZHA 306,22958.55,17,2024-06-08,2024-06-25,Standard,Zone D,AlMuaisim Camp,196,191,2024-02-16T14:13:45.8320612,5,46,https://hajj.nusuk.sa/sp/package/summary/68590000-56b2-0050-e8cf-08dc2ef97cfa
Rawaf Mina Company for Pilgrimage Services,RAWAF AL NOZHA 307,22958.55,20,2024-06-05,2024-06-25,Standard,Zone D,AlMuaisim Camp,62,61,2024-02-19T12:38:15.5025087,1,62,https://hajj.nusuk.sa/sp/package/summary/5c3b0000-56b2-0050-42bb-08dc3147a4ad
Rawaf Mina Company for Pilgrimage Services,RAWAF AL SAFA 333,22958.55,19,2024-06-02,2024-06-21,Standard,Zone D,AlMuaisim Camp,172,168,2024-02-25T23:36:23.8505784,4,46,https://hajj.nusuk.sa/sp/package/summary/ac1b0000-56b2-0050-7f26-08dc365a940b
Rawaf Mina Company for Pilgrimage Services,RAWAF ALSAFA 312,22958.55,18,2024-06-05,2024-06-23,Standard,Zone D,AlMuaisim Camp,240,234,2024-02-19T12:24:00.6217318,6,46,https://hajj.nusuk.sa/sp/package/summary/185c0000-56b2-0050-ce45-08dc3145a720
Rawaf Mina Company for Pilgrimage Services,RAWAF AL SAFA 386,22962.04,22,2024-06-08,2024-06-30,Standard,Zone D,AlMuaisim Camp,8,7,2024-02-27T15:59:21.9291168,1,8,https://hajj.nusuk.sa/sp/package/summary/38340000-56b2-0050-d815-08dc37ad1021
Company AL RAJHI LIKHDEMAT AL TAJARIA MASANDA,Luxury Shifting Line 18,23053.02,18,2024-06-10,2024-06-28,Luxury - Shifting,Zone A,AlMuaisim Camp,94,92,2024-02-14T16:12:55.7571349,2,48,https://hajj.nusuk.sa/sp/package/summary/446e0000-56b2-0050-6502-08dc2d77cdd7
Company AL RAJHI LIKHDEMAT AL TAJARIA MASANDA,Standard Value 1,23388.83,17,2024-06-07,2024-06-24,Standard,Zone D,AlMuaisim Camp,457,448,2024-02-16T10:41:31.3119213,9,51,https://hajj.nusuk.sa/sp/package/summary/60060000-56b2-0050-57e3-08dc2edbd69d
Ithraa alkhair for pilgrims services,Ithraa Al Khair 64,23576.01,22,2024-06-02,2024-06-24,Standard,Zone C,AlMuaisim Camp,60,59,2024-02-22T02:05:16.3660439,1,60,https://hajj.nusuk.sa/sp/package/summary/28360000-56b2-0050-3093-08dc334ab696
MCDC For Hajj And Umrah servises,MCDC3020JN,24081.98,16,2024-06-10,2024-06-26,Standard,Zone C,AlMuaisim Camp,48,47,2024-02-17T18:43:45.8152761,1,48,https://hajj.nusuk.sa/sp/package/summary/10130000-56b2-0050-ed0c-08dc2fe85f55
MCDC For Hajj And Umrah servises,MCDC1114AZ,24599.45,14,2024-06-07,2024-06-21,Standard,Zone D,AlMuaisim Camp,48,47,2024-02-18T11:06:12.3450971,1,48,https://hajj.nusuk.sa/sp/package/summary/24410000-56b2-0050-9251-08dc30719e34
Company AL RAJHI LIKHDEMAT AL TAJARIA MASANDA,Luxury Shifting Line 21,24634.95,18,2024-06-10,2024-06-28,Luxury - Shifting,Zone A,AlMuaisim Camp,94,92,2024-02-24T08:01:27.5082148,2,48,https://hajj.nusuk.sa/sp/package/summary/0c290000-56b2-0050-319c-08dc350ecd9b
Rawaf Mina Company for Pilgrimage Services,RWAWF LEGEND 387,24930.93,22,2024-06-04,2024-06-26,Standard,Zone D,AlMuaisim Camp,16,15,2024-02-28T11:49:09.5290336,1,16,https://hajj.nusuk.sa/sp/package/summary/983f0000-56b2-0050-21dc-08dc38534675
Rawaf Mina Company for Pilgrimage Services,RAWAF LEGEND 310,24938.41,20,2024-06-02,2024-06-22,Standard,Zone D,AlMuaisim Camp,176,172,2024-02-19T11:32:00.5758923,4,46,https://hajj.nusuk.sa/sp/package/summary/fc3a0000-56b2-0050-97b9-08dc313e636f
Rawaf Mina Company for Pilgrimage Services,RAWAF AL NOOR 301,24939.9,20,2024-06-02,2024-06-22,Standard,Zone D,AlMuaisim Camp,40,39,2024-02-17T16:52:36.7900466,1,40,https://hajj.nusuk.sa/sp/package/summary/10130000-56b2-0050-6f12-08dc2fd8d849
Rawaf Mina Company for Pilgrimage Services,RAWAF AL NOOR 303,24939.9,14,2024-06-08,2024-06-22,Standard,Zone D,AlMuaisim Camp,300,293,2024-02-16T13:06:41.1569073,7,45,https://hajj.nusuk.sa/sp/package/summary/349c0000-56b2-0050-37a6-08dc2ef01e16
Rawaf Mina Company for Pilgrimage Services,RAWAF AL NOOR 377,24939.9,14,2024-06-07,2024-06-21,Standard,Zone D,AlMuaisim Camp,60,59,2024-02-26T22:48:35.2272979,1,60,https://hajj.nusuk.sa/sp/package/summary/24330000-56b2-0050-1240-08dc371d10a0
Rawaf Mina Company for Pilgrimage Services,RAWAF LEGEND 24,24939.9,17,2024-06-08,2024-06-25,Standard,Zone D,AlMuaisim Camp,108,105,2024-02-19T12:42:46.2490933,3,46,https://hajj.nusuk.sa/sp/package/summary/fc200000-56b2-0050-e92c-08dc3148460d
Rawaf Mina Company for Pilgrimage Services,RAWAF LEGEND 388,24939.9,19,2024-06-05,2024-06-24,Standard,Zone D,AlMuaisim Camp,36,35,2024-02-26T23:55:32.4163133,1,36,https://hajj.nusuk.sa/sp/package/summary/343a0000-56b2-0050-7825-08dc37266b0e
Rawaf Mina Company for Pilgrimage Services,RWAWF AL NOOR 308,24939.9,14,2024-06-08,2024-06-22,Standard,Zone D,AlMuaisim Camp,72,71,2024-02-25T23:55:44.1937985,1,72,https://hajj.nusuk.sa/sp/package/summary/1c190000-56b2-0050-d22b-08dc365d47a9
Rawaf Mina Company for Pilgrimage Services,RWAWF AL NOOR 320,24939.9,20,2024-06-05,2024-06-25,Standard,Zone D,AlMuaisim Camp,264,258,2024-02-25T21:35:43.1614847,6,46,https://hajj.nusuk.sa/sp/package/summary/f0300000-56b2-0050-057b-08dc3649b842
Rawaf Mina Company for Pilgrimage Services,RWAWF AL NOOR 368,24939.9,15,2024-06-07,2024-06-22,Standard,Zone D,AlMuaisim Camp,164,160,2024-02-26T21:46:53.0903534,4,46,https://hajj.nusuk.sa/sp/package/summary/8c120000-56b2-0050-cddc-08dc371471fa
Rawaf Mina Company for Pilgrimage Services,RWAWF LEGEND 319,24939.9,15,2024-06-08,2024-06-23,Standard,Zone D,AlMuaisim Camp,168,164,2024-02-26T10:51:52.6010284,4,46,https://hajj.nusuk.sa/sp/package/summary/f01c0000-56b2-0050-099b-08dc36b8f110
Rawaf Mina Company for Pilgrimage Services,RWAWF LEGEND 380,24939.9,18,2024-06-06,2024-06-24,Standard,Zone D,AlMuaisim Camp,108,106,2024-02-27T11:50:26.2925199,2,54,https://hajj.nusuk.sa/sp/package/summary/442b0000-56b2-0050-8f7f-08dc378a49cc
Rawaf Mina Company for Pilgrimage Services,RWAWF LEGEND 381,24939.9,12,2024-06-10,2024-06-22,Standard,Zone D,AlMuaisim Camp,68,67,2024-02-27T11:44:02.7971476,1,68,https://hajj.nusuk.sa/sp/package/summary/cc240000-56b2-0050-cf74-08dc37896537
Rawaf Mina Company for Pilgrimage Services,RWAWF LEGEND 389,24939.9,18,2024-06-07,2024-06-25,Standard,Zone D,AlMuaisim Camp,56,55,2024-02-28T13:37:01.7255131,1,56,https://hajj.nusuk.sa/sp/package/summary/28460000-56b2-0050-f0c6-08dc3862582f
Rawaf Mina Company for Pilgrimage Services,RWAWF LEGEND 382,24941.4,14,2024-06-11,2024-06-25,Standard,Zone D,AlMuaisim Camp,140,138,2024-02-27T11:45:27.6957009,2,70,https://hajj.nusuk.sa/sp/package/summary/442b0000-56b2-0050-4d46-08dc378997d2
Dur Hospitality company,DUR Standard 4,25104.8,19,2024-06-05,2024-06-24,Standard,None,AlMuaisim Camp,480,470,2024-02-21T10:42:22.2786433,10,49,https://hajj.nusuk.sa/sp/package/summary/bc790000-56b2-0050-ff7c-08dc32c9c90e
Dur Hospitality company,DUR Standard 5,25104.8,19,2024-06-05,2024-06-24,Standard,None,AlMuaisim Camp,128,125,2024-02-21T10:52:46.6065262,3,49,https://hajj.nusuk.sa/sp/package/summary/bc790000-56b2-0050-df66-08dc32cb3d2f
Dur Hospitality company,DUR Standard 7,25104.8,18,2024-06-08,2024-06-26,Standard,None,AlMuaisim Camp,480,470,2024-02-21T11:06:24.481997,10,49,https://hajj.nusuk.sa/sp/package/summary/7c4d0000-56b2-0050-c3e3-08dc32cd24ad
Dur Hospitality company,DUR Standard 8,25104.8,18,2024-06-08,2024-06-26,Standard,None,AlMuaisim Camp,152,148,2024-02-21T11:16:47.1142105,4,49,https://hajj.nusuk.sa/sp/package/summary/1c480000-56b2-0050-e6d3-08dc32ce97cb
Rifad Co,Rifad World Fourth,25131.55,22,2024-06-06,2024-06-28,Standard,Zone C,AlMuaisim Camp,520,508,2024-02-25T20:38:57.9343312,12,45,https://hajj.nusuk.sa/sp/package/summary/5c350000-56b2-0050-97b7-08dc3641ca95
MCDC For Hajj And Umrah servises,MCDC5000RV,25164.47,18,2024-06-09,2024-06-27,Standard,Zone B,AlMuaisim Camp,364,357,2024-02-08T09:19:53.8571506,7,55,https://hajj.nusuk.sa/sp/package/summary/d4020000-56b2-0050-0ce8-08dc28871c33
MCDC For Hajj And Umrah servises,MCDC5005RV,25164.47,17,2024-06-10,2024-06-27,Standard,Zone B,AlMuaisim Camp,312,306,2024-02-11T15:26:13.1548903,6,60,https://hajj.nusuk.sa/sp/package/summary/cc630000-56b2-0050-fad8-08dc2b15c81e
MCDC For Hajj And Umrah servises,MCDC5010RV,25164.47,17,2024-06-10,2024-06-27,Standard,Zone B,AlMuaisim Camp,52,51,2024-02-13T23:55:21.6230812,1,52,https://hajj.nusuk.sa/sp/package/summary/fc960000-56b2-0050-cd98-08dc2cef3d40
Rifad Co,Rifad World Sixth,25210.07,16,2024-06-10,2024-06-26,Standard,Zone C,AlMuaisim Camp,80,79,2024-02-26T13:52:09.3581712,1,80,https://hajj.nusuk.sa/sp/package/summary/402d0000-56b2-0050-317d-08dc36d2205a
Dur Hospitality company,DUR Standard  2,25232.33,20,2024-06-02,2024-06-22,Standard,Zone B,AlMuaisim Camp,68,66,2024-02-21T10:24:14.8338027,2,49,https://hajj.nusuk.sa/sp/package/summary/9c650000-56b2-0050-155c-08dc32c740e4
Dur Hospitality company,DUR Standard 1,25232.33,20,2024-06-02,2024-06-22,Standard,Zone B,AlMuaisim Camp,252,246,2024-02-21T09:42:42.8468832,6,49,https://hajj.nusuk.sa/sp/package/summary/68670000-56b2-0050-0e3b-08dc32c1738d
Ithraa alkhair for pilgrims services,Ithraa Al Khair 43,25413.81,19,2024-06-08,2024-06-27,Standard,Zone C,AlMuaisim Camp,192,189,2024-02-10T13:20:30.9538262,3,70,https://hajj.nusuk.sa/sp/package/summary/c46c0000-56b2-0050-add3-08dc2a3b0e34
Ithraa alkhair for pilgrims services,Ithraa Al Khair 47,25482.96,22,2024-06-02,2024-06-24,Standard,Zone C,AlMuaisim Camp,140,137,2024-02-10T14:37:48.3514259,3,48,https://hajj.nusuk.sa/sp/package/summary/c46c0000-56b2-0050-6590-08dc2a45da4f
Ithraa alkhair for pilgrims services,Ithraa Al Khair 63,25596.36,19,2024-06-04,2024-06-23,Standard,Zone C,AlMuaisim Camp,100,98,2024-02-22T01:54:06.5704736,2,50,https://hajj.nusuk.sa/sp/package/summary/68670000-56b2-0050-7f05-08dc3349275b
Rifad Co,Rifad Alshohda,25656.06,18,2024-06-04,2024-06-22,Standard - Shifting,None,AlMuaisim Camp,400,392,2024-02-15T13:13:37.8626575,8,50,https://hajj.nusuk.sa/sp/package/summary/cc470000-56b2-0050-b7f7-08dc2e27ec0c
Ithraa alkhair for pilgrims services,Ithraa Al Khair 42,25658.93,16,2024-06-09,2024-06-25,Standard,Zone C,AlMuaisim Camp,72,71,2024-02-10T13:25:59.9689781,1,72,https://hajj.nusuk.sa/sp/package/summary/c4aa0000-56b2-0050-6823-08dc2a3bd250
Dur Hospitality company,DUR Standard 3,25659.92,22,2024-06-02,2024-06-24,Standard,Zone B,AlMuaisim Camp,412,403,2024-02-11T16:05:36.416136,9,49,https://hajj.nusuk.sa/sp/package/summary/dc2a0000-56b2-0050-0733-08dc2b1b48bc
Dur Hospitality company,DUR Standard 6,25659.92,21,2024-06-05,2024-06-26,Standard,Zone B,AlMuaisim Camp,124,121,2024-02-21T09:14:42.9487811,3,49,https://hajj.nusuk.sa/sp/package/summary/bc790000-56b2-0050-f2bf-08dc32bd8a40
Dur Hospitality company,DUR Standard Shifting 2,25776.58,19,2024-06-08,2024-06-27,Standard - Shifting,Zone A,AlMuaisim Camp,100,98,2024-02-21T12:05:28.5839327,2,50,https://hajj.nusuk.sa/sp/package/summary/1c480000-56b2-0050-cddc-08dc32d56520
Rifad Co,Rifad World First,25819.16,23,2024-06-02,2024-06-25,Standard,Zone C,AlMuaisim Camp,200,198,2024-02-14T19:13:40.7988142,2,100,https://hajj.nusuk.sa/sp/package/summary/90500000-56b2-0050-6d9e-08dc2d910dfd
Rifad Co,Rifad World Second,25819.16,20,2024-06-05,2024-06-25,Standard,Zone C,AlMuaisim Camp,200,198,2024-02-21T17:53:41.7135411,2,100,https://hajj.nusuk.sa/sp/package/summary/1c480000-56b2-0050-6132-08dc33060a67
Rifad Co,Rifad World Third,25819.16,17,2024-06-08,2024-06-25,Standard,Zone C,AlMuaisim Camp,200,198,2024-02-19T14:03:38.8729636,2,100,https://hajj.nusuk.sa/sp/package/summary/5c3b0000-56b2-0050-8d1f-08dc31539271
MCDC For Hajj And Umrah servises,MCDC1140SAK,25840.57,16,2024-06-07,2024-06-23,Standard,Zone B,AlMuaisim Camp,52,51,2024-02-18T12:31:51.5920719,1,52,https://hajj.nusuk.sa/sp/package/summary/24410000-56b2-0050-6d45-08dc307d956f
Rifad Co,Rifad World Fifth,26031.27,16,2024-06-10,2024-06-26,Standard,Zone C,AlMuaisim Camp,164,162,2024-02-26T13:02:11.2084188,2,82,https://hajj.nusuk.sa/sp/package/summary/40290000-56b2-0050-d8c5-08dc36cb2550
Dur Hospitality company,DUR Shifting,26099.74,22,2024-06-02,2024-06-24,Standard - Shifting,Zone A,AlMuaisim Camp,800,783,2024-02-21T11:50:55.3000476,17,49,https://hajj.nusuk.sa/sp/package/summary/9c650000-56b2-0050-4212-08dc32d35c9c
MCDC For Hajj And Umrah servises,MCDC1090HJ,26110.31,19,2024-06-02,2024-06-21,Standard,Zone D,AlMuaisim Camp,48,47,2024-02-17T16:36:38.1550071,1,48,https://hajj.nusuk.sa/sp/package/summary/4c5d0000-56b2-0050-55e4-08dc2fd69ce5
Abdul Lateef Jameel Real Estate Investment Co. Ltd.,Hajj Jameel Tulip In 23,26487.54,17,2024-06-05,2024-06-22,Standard,None,AlMuaisim Camp,276,274,2024-03-04T09:33:29.6540887,2,150,https://hajj.nusuk.sa/sp/package/summary/50480000-56b2-0050-88b8-08dc3c2e26c7
Abdul Lateef Jameel Real Estate Investment Co. Ltd.,Hajj Jameel Tulip in 22,26487.54,21,2024-06-02,2024-06-23,Standard,None,AlMuaisim Camp,167,165,2024-03-04T09:23:00.0132724,2,88,https://hajj.nusuk.sa/sp/package/summary/681f0000-56b2-0050-f863-08dc3c2caf7b
MCDC For Hajj And Umrah servises,MCDC9090JN,26527.61,24,2024-06-02,2024-06-26,Standard - Shifting,Zone A,AlMuaisim Camp,144,141,2024-02-18T01:05:37.7712194,3,50,https://hajj.nusuk.sa/sp/package/summary/10130000-56b2-0050-f42a-08dc301db7ec
Abdul Lateef Jameel Real Estate Investment Co. Ltd.,Hajj Jameel Al Mihrab PREMIUM,26602.18,16,2024-06-09,2024-06-25,Standard,None,AlMuaisim Camp,636,631,2024-02-24T19:49:39.0740588,5,150,https://hajj.nusuk.sa/sp/package/summary/347f0000-56b2-0050-9865-08dc3571bc8d
Abdul Lateef Jameel Real Estate Investment Co. Ltd.,Hajj Jameel Al Mihrab and Montana,26602.18,23,2024-06-01,2024-06-24,Standard,None,AlMuaisim Camp,44,43,2024-03-01T15:32:23.0194255,1,44,https://hajj.nusuk.sa/sp/package/summary/584d0000-56b2-0050-143a-08dc3a04ca6d
Abdul Lateef Jameel Real Estate Investment Co. Ltd.,Hajj Jameel Al Mihrab Jeddah,26615.89,23,2024-06-01,2024-06-24,Standard,None,AlMuaisim Camp,184,182,2024-02-24T21:44:12.9396293,2,92,https://hajj.nusuk.sa/sp/package/summary/3c700000-56b2-0050-3e35-08dc3581bdb2
MCDC For Hajj And Umrah servises,MCDC1091HJ,26640.67,18,2024-06-08,2024-06-26,Standard,Zone B,AlMuaisim Camp,52,51,2024-02-23T01:30:49.1704229,1,52,https://hajj.nusuk.sa/sp/package/summary/588a0000-56b2-0050-eb98-08dc340f10da
MCDC For Hajj And Umrah servises,MCDC1110IHS,26743.79,19,2024-06-02,2024-06-21,Standard,Zone D,AlMuaisim Camp,232,227,2024-02-18T14:13:05.2423727,5,47,https://hajj.nusuk.sa/sp/package/summary/8c210000-56b2-0050-ea2b-08dc308bb99c
Ithraa alkhair for pilgrims services,Ithraa Al Khair 44,26776.46,19,2024-06-06,2024-06-25,Premium,Zone C,AlMuaisim Camp,232,228,2024-02-10T13:30:21.1877512,4,70,https://hajj.nusuk.sa/sp/package/summary/20190000-56b2-0050-3a7f-08dc2a3c6e03
MCDC For Hajj And Umrah servises,MCDC1121DJM,26899.53,16,2024-06-07,2024-06-23,Standard,Zone D,AlMuaisim Camp,148,145,2024-02-25T00:41:53.3116035,3,50,https://hajj.nusuk.sa/sp/package/summary/a86c0000-56b2-0050-ea66-08dc359a8fc5
Rawaf Mina Company for Pilgrimage Services,RAWAF  HOLIDAY INN 399,26977.08,25,2024-06-06,2024-07-01,Standard,None,AlMuaisim Camp,112,110,2024-02-29T12:03:08.8702202,2,56,https://hajj.nusuk.sa/sp/package/summary/bc5e0000-56b2-0050-2ee8-08dc391e6528
Rawaf Mina Company for Pilgrimage Services,RAWAF HOLIDAY INN 395,26977.08,19,2024-06-08,2024-06-27,Standard,None,AlMuaisim Camp,28,27,2024-02-29T11:33:14.1266617,1,28,https://hajj.nusuk.sa/sp/package/summary/08290000-56b2-0050-0cad-08dc391a3768
Rawaf Mina Company for Pilgrimage Services,RAWAF HOLIDAY INN 396,26977.08,27,2024-06-01,2024-06-28,Standard,None,AlMuaisim Camp,100,98,2024-02-29T11:35:24.6916918,2,50,https://hajj.nusuk.sa/sp/package/summary/70040000-56b2-0050-b12a-08dc391a853a
Rawaf Mina Company for Pilgrimage Services,RAWAF HOLIDAY INN 397,26977.08,29,2024-05-31,2024-06-29,Standard,None,AlMuaisim Camp,132,130,2024-02-29T11:37:08.6174223,2,66,https://hajj.nusuk.sa/sp/package/summary/0c4a0000-56b2-0050-7fff-08dc391ac32c
Rawaf Mina Company for Pilgrimage Services,RWAWF HOLIDAY 398,26977.08,28,2024-06-03,2024-07-01,Standard,None,AlMuaisim Camp,100,98,2024-02-29T11:40:30.760658,2,50,https://hajj.nusuk.sa/sp/package/summary/7c440000-56b2-0050-1c26-08dc391b3ba9
MCDC For Hajj And Umrah servises,MCDC2000SU,26988.26,18,2024-06-06,2024-06-24,Standard,Zone B,AlMuaisim Camp,200,196,2024-02-09T20:09:11.6731374,4,50,https://hajj.nusuk.sa/sp/package/summary/801e0000-56b2-0050-c3eb-08dc29aafb47
MCDC For Hajj And Umrah servises,MCDC1115JN,27053.99,14,2024-06-07,2024-06-21,Standard,Zone D,AlMuaisim Camp,20,19,2024-02-26T11:01:33.2637684,1,20,https://hajj.nusuk.sa/sp/package/summary/1c190000-56b2-0050-23e6-08dc36ba4b2a
Ithraa alkhair for pilgrims services,Ithraa Al Khair 50,27392.05,14,2024-06-09,2024-06-23,Standard,Zone A,AlMuaisim Camp,52,51,2024-02-10T13:19:12.4087707,1,52,https://hajj.nusuk.sa/sp/package/summary/3c820000-56b2-0050-a789-08dc2a3adf63
Ithraa alkhair for pilgrims services,Ithraa Al Khair 41,27786.66,20,2024-06-02,2024-06-22,Premium,Zone C,AlMuaisim Camp,176,173,2024-02-10T13:13:52.8613115,3,80,https://hajj.nusuk.sa/sp/package/summary/f0750000-56b2-0050-94e9-08dc2a3a20ec
Rifad Co,Rifad Aleman,27869.82,20,2024-06-07,2024-06-27,Standard - Shifting,Zone A,AlMuaisim Camp,200,198,2024-02-26T12:44:24.659035,2,100,https://hajj.nusuk.sa/sp/package/summary/402d0000-56b2-0050-537b-08dc36c8a99a
Rifad Co,Rifad Azhar,27869.82,20,2024-06-07,2024-06-27,Standard - Shifting,Zone A,AlMuaisim Camp,100,99,2024-02-20T08:58:48.0267334,1,100,https://hajj.nusuk.sa/sp/package/summary/a46e0000-56b2-0050-a828-08dc31f226a9
MCDC For Hajj And Umrah servises,MCDC1151UK,27896.52,22,2024-06-02,2024-06-24,Standard - Shifting,Zone A,AlMuaisim Camp,80,78,2024-02-18T13:13:58.8037255,2,50,https://hajj.nusuk.sa/sp/package/summary/8c210000-56b2-0050-5283-08dc308377c5
Al Burj International Company,Al Burj Economy MA 1500 Package,27945.34,15,2024-06-07,2024-06-22,Standard,Zone B,AlMuaisim Camp,152,148,2024-02-20T00:18:04.9933814,4,47,https://hajj.nusuk.sa/sp/package/summary/08140000-56b2-0050-19e8-08dc31a9685d
MCDC For Hajj And Umrah servises,MCDC1120JN,27966.75,17,2024-06-07,2024-06-24,Standard,Zone B,AlMuaisim Camp,100,98,2024-02-25T01:31:02.3475682,2,50,https://hajj.nusuk.sa/sp/package/summary/347f0000-56b2-0050-17db-08dc35a16d89
MCDC For Hajj And Umrah servises,MCDC3000JN,27971.47,16,2024-06-10,2024-06-26,Standard - Shifting,Zone A,AlMuaisim Camp,108,106,2024-02-08T09:08:53.288491,2,100,https://hajj.nusuk.sa/sp/package/summary/d4020000-56b2-0050-459e-08dc28859278
SEERA GROUP HOLDING,MAW HSR Silver 2,28000.0,15,2024-06-07,2024-06-22,Premium,Zone A,AlMuaisim Camp,85,83,2024-02-20T19:56:41.6528798,2,44,https://hajj.nusuk.sa/sp/package/summary/bc770000-56b2-0050-0195-08dc324e0ec7
SEERA GROUP HOLDING,MAW HSR Silver 1,28000.01,21,2024-06-02,2024-06-23,Premium,Zone A,AlMuaisim Camp,464,454,2024-02-17T21:15:49.878147,10,50,https://hajj.nusuk.sa/sp/package/summary/4c5d0000-56b2-0050-6f0c-08dc2ffd9db3
SEERA GROUP HOLDING,MAW HSR Silver 3,28000.01,22,2024-06-02,2024-06-24,Premium,Zone A,AlMuaisim Camp,160,156,2024-02-20T18:21:06.1165821,4,50,https://hajj.nusuk.sa/sp/package/summary/645f0000-56b2-0050-9efa-08dc3240b421
Dur Hospitality company,Dur Luxury B,28007.61,20,2024-06-07,2024-06-27,Luxury,Zone B,AlMuaisim Camp,800,783,2024-02-10T14:06:11.867824,17,49,https://hajj.nusuk.sa/sp/package/summary/548a0000-56b2-0050-f6cf-08dc2a416fea
Rifad Co,Rifad Azhar 2,28181.35,21,2024-06-07,2024-06-28,Standard - Shifting,Zone A,AlMuaisim Camp,100,99,2024-02-17T19:34:18.2805607,1,100,https://hajj.nusuk.sa/sp/package/summary/4c730000-56b2-0050-6865-08dc2fef6ed3
Rawaf Mina Company for Pilgrimage Services,RAWAF HOLIDAY 385,28425.08,23,2024-05-31,2024-06-23,Standard,None,AlMuaisim Camp,32,31,2024-02-27T11:36:30.5904684,1,32,https://hajj.nusuk.sa/sp/package/summary/ac3e0000-56b2-0050-8c1d-08dc378857ae
Al Bait Guests for Pilgrims Services,Q7000 AlBait Guests,28636.95,17,2024-06-06,2024-06-23,Standard,Zone C,AlMuaisim Camp,47,46,2024-02-24T12:39:39.0296577,1,47,https://hajj.nusuk.sa/sp/package/summary/3c700000-56b2-0050-3dea-08dc3535aa87
Al Bait Guests for Pilgrims Services,Al Bait Guests Q2000,28637.13,20,2024-06-03,2024-06-23,Standard,Zone C,AlMuaisim Camp,376,368,2024-02-14T14:34:24.741329,8,47,https://hajj.nusuk.sa/sp/package/summary/64490000-56b2-0050-f616-08dc2d6a0a99
Al Bait Guests for Pilgrims Services,Q1000 AlBait Guests,28637.13,23,2024-05-30,2024-06-22,Standard,Zone C,AlMuaisim Camp,376,368,2024-02-14T14:27:49.819329,8,47,https://hajj.nusuk.sa/sp/package/summary/287f0000-56b2-0050-a588-08dc2d691f35
Al Bait Guests for Pilgrims Services,Q1100 AlBait Guests,28637.13,23,2024-05-30,2024-06-22,Standard,Zone C,AlMuaisim Camp,376,368,2024-02-17T18:26:00.3896226,8,47,https://hajj.nusuk.sa/sp/package/summary/10130000-56b2-0050-df84-08dc2fe5e44a
Al Bait Guests for Pilgrims Services,Q2200 AlBait Guests,28637.13,20,2024-06-03,2024-06-23,Standard,Zone C,AlMuaisim Camp,329,321,2024-02-17T18:35:46.5622015,8,46,https://hajj.nusuk.sa/sp/package/summary/ec530000-56b2-0050-b5e8-08dc2fe741ad
Al Bait Guests for Pilgrims Services,Q3000 AlBait Guests,28637.13,14,2024-06-08,2024-06-22,Standard,Zone C,AlMuaisim Camp,188,184,2024-02-14T14:44:55.8425154,4,47,https://hajj.nusuk.sa/sp/package/summary/90500000-56b2-0050-5c2e-08dc2d6b82c4
Al Bait Guests for Pilgrims Services,Q3300 AlBait Guests,28637.13,14,2024-06-08,2024-06-22,Standard,Zone C,AlMuaisim Camp,47,46,2024-02-17T18:47:12.2376899,1,47,https://hajj.nusuk.sa/sp/package/summary/380c0000-56b2-0050-7ca1-08dc2fe8da5f
Al Bait Guests for Pilgrims Services,Q4000 AlBait Guests,28637.13,25,2024-06-08,2024-07-03,Standard,Zone C,AlMuaisim Camp,376,368,2024-02-14T14:49:45.9713918,8,47,https://hajj.nusuk.sa/sp/package/summary/287f0000-56b2-0050-837a-08dc2d6c2fb2
Al Bait Guests for Pilgrims Services,Q4400 AlBait Guests,28637.13,25,2024-06-08,2024-07-03,Standard,Zone C,AlMuaisim Camp,94,92,2024-02-17T18:39:35.1707515,2,47,https://hajj.nusuk.sa/sp/package/summary/74720000-56b2-0050-9b78-08dc2fe7c9f0
Al Bait Guests for Pilgrims Services,Q5000 AlBait Guests,28637.13,21,2024-06-07,2024-06-28,Standard,Zone C,AlMuaisim Camp,188,184,2024-02-14T14:54:14.9005078,4,47,https://hajj.nusuk.sa/sp/package/summary/3c060000-56b2-0050-d710-08dc2d6ccffd
Al Bait Guests for Pilgrims Services,Q5500 AlBait Guests,28637.13,21,2024-06-07,2024-06-28,Standard,Zone C,AlMuaisim Camp,141,137,2024-02-17T18:05:23.4565116,4,46,https://hajj.nusuk.sa/sp/package/summary/bcba0000-56b2-0050-dbe4-08dc2fe30305
Al Bait Guests for Pilgrims Services,Q6000 AlBait Guests,28637.13,18,2024-06-06,2024-06-24,Standard,Zone C,AlMuaisim Camp,376,368,2024-02-14T15:01:44.5035642,8,47,https://hajj.nusuk.sa/sp/package/summary/90500000-56b2-0050-d268-08dc2d6ddbf9
Al Bait Guests for Pilgrims Services,Q6600 AlBait Guests,28637.13,18,2024-06-06,2024-06-24,Standard,Zone C,AlMuaisim Camp,329,321,2024-02-17T18:17:29.6469046,8,46,https://hajj.nusuk.sa/sp/package/summary/ec530000-56b2-0050-b822-08dc2fe4b3dd
SEERA GROUP HOLDING,MAW Diamond TKV 1,29000.0,21,2024-06-05,2024-06-26,Luxury,Zone C,AlMuaisim Camp,280,276,2024-02-14T14:44:35.5601202,4,70,https://hajj.nusuk.sa/sp/package/summary/48ab0000-56b2-0050-831e-08dc2d6b76ad
SEERA GROUP HOLDING,MAW Diamond TKV 10,29000.0,21,2024-06-05,2024-06-26,Luxury,Zone C,AlMuaisim Camp,120,118,2024-02-14T17:16:21.4425586,2,60,https://hajj.nusuk.sa/sp/package/summary/68500000-56b2-0050-e7f0-08dc2d80aa34
Al Bait Guests for Pilgrims Services,J1000 AlBait Guests,29022.86,14,2024-06-08,2024-06-22,Standard,Zone C,AlMuaisim Camp,188,184,2024-02-14T15:06:56.3414315,4,47,https://hajj.nusuk.sa/sp/package/summary/14220000-56b2-0050-8124-08dc2d6e95d8
Al Bait Guests for Pilgrims Services,J2000 AlBait Guests,29022.86,25,2024-06-08,2024-07-03,Standard,Zone C,AlMuaisim Camp,47,46,2024-02-17T18:43:34.2316833,1,47,https://hajj.nusuk.sa/sp/package/summary/10130000-56b2-0050-68f9-08dc2fe8586e
Al Bait Guests for Pilgrims Services,J3000 AlBait Guests,29022.86,21,2024-06-07,2024-06-28,Standard,Zone C,AlMuaisim Camp,188,184,2024-02-14T15:11:30.3642629,4,47,https://hajj.nusuk.sa/sp/package/summary/48ab0000-56b2-0050-11fb-08dc2d6f392d
Al Bait Guests for Pilgrims Services,S1000 AlBait Guests,29022.86,21,2024-06-07,2024-06-28,Standard,Zone C,AlMuaisim Camp,282,276,2024-02-17T17:56:34.5842084,6,47,https://hajj.nusuk.sa/sp/package/summary/ec530000-56b2-0050-599c-08dc2fe1c7ca
Abdul Lateef Jameel Real Estate Investment Co. Ltd.,Hajj Jameel Tulip Inn,29074.78,33,2024-05-28,2024-06-30,Standard,None,AlMuaisim Camp,357,354,2024-02-24T17:02:31.5309066,3,150,https://hajj.nusuk.sa/sp/package/summary/904d0000-56b2-0050-f007-08dc355a63ab
Abdul Lateef Jameel Real Estate Investment Co. Ltd.,Hajj Jameel Roaa Al Hijrah,29174.47,33,2024-05-28,2024-06-30,Standard,None,AlMuaisim Camp,420,417,2024-02-20T09:42:20.0555863,3,150,https://hajj.nusuk.sa/sp/package/summary/94650000-56b2-0050-a11f-08dc31f83b8d
Abdul Lateef Jameel Real Estate Investment Co. Ltd.,Hajj Jameel Tulip in 3,29176.19,20,2024-06-05,2024-06-25,Standard,None,AlMuaisim Camp,78,77,2024-02-25T20:11:04.4416043,1,78,https://hajj.nusuk.sa/sp/package/summary/5c300000-56b2-0050-de1c-08dc363de51a
Abdul Lateef Jameel Real Estate Investment Co. Ltd.,Hajj Jameel Tulip in 5,29176.19,13,2024-06-08,2024-06-21,Standard,None,AlMuaisim Camp,103,102,2024-02-25T20:59:38.2935281,1,103,https://hajj.nusuk.sa/sp/package/summary/5c300000-56b2-0050-62dd-08dc3644ade5
Abdul Lateef Jameel Real Estate Investment Co. Ltd.,Hajj Jameel Tulip inn 4,29176.19,13,2024-06-08,2024-06-21,Standard,None,AlMuaisim Camp,252,250,2024-02-25T20:43:05.1156954,2,130,https://hajj.nusuk.sa/sp/package/summary/94040000-56b2-0050-79cb-08dc36425dea
Ithraa alkhair for pilgrims services,Ithraa Al Khair 49,29226.35,17,2024-06-08,2024-06-25,Standard,Zone A,AlMuaisim Camp,268,262,2024-02-10T13:12:14.2910857,6,49,https://hajj.nusuk.sa/sp/package/summary/c46c0000-56b2-0050-f586-08dc2a39e62b
Abdul Lateef Jameel Real Estate Investment Co. Ltd.,Hajj Jameel Tulip Inn 1,29429.83,20,2024-06-02,2024-06-22,Standard,None,AlMuaisim Camp,110,109,2024-02-24T17:33:48.2967483,1,110,https://hajj.nusuk.sa/sp/package/summary/60d20000-56b2-0050-ad9f-08dc355ec24f
Rawaf Mina Company for Pilgrimage Services,RAWAF HOLIDAY INN 223,29441.92,14,2024-06-09,2024-06-23,Premium,None,AlMuaisim Camp,116,113,2024-02-26T00:26:47.2976012,3,46,https://hajj.nusuk.sa/sp/package/summary/402d0000-56b2-0050-e67d-08dc36619e28
SEERA GROUP HOLDING,MAW Diamond MOK 001,29500.0,19,2024-06-02,2024-06-21,Luxury,Zone C,AlMuaisim Camp,108,106,2024-02-17T20:50:20.3465957,2,80,https://hajj.nusuk.sa/sp/package/summary/ec530000-56b2-0050-70d6-08dc2ffa0e07
SEERA GROUP HOLDING,MAW Diamond MOK 200,29500.0,24,2024-06-05,2024-06-29,Luxury,Zone C,AlMuaisim Camp,40,39,2024-02-14T17:27:13.4325078,1,40,https://hajj.nusuk.sa/sp/package/summary/14220000-56b2-0050-ad53-08dc2d822ed2
SEERA GROUP HOLDING,MAW Diamond TKV 2,29500.0,24,2024-06-05,2024-06-29,Luxury,Zone C,AlMuaisim Camp,280,276,2024-02-14T15:09:37.2898172,4,70,https://hajj.nusuk.sa/sp/package/summary/14220000-56b2-0050-4779-08dc2d6ef5c7
SEERA GROUP HOLDING,MAW Diamond TKV 20,29500.0,24,2024-06-05,2024-06-29,Luxury,Zone C,AlMuaisim Camp,80,79,2024-02-14T17:23:08.9877224,1,80,https://hajj.nusuk.sa/sp/package/summary/14220000-56b2-0050-5ce6-08dc2d819d1f
MCDC For Hajj And Umrah servises,MCDC5015RV,29548.06,17,2024-06-10,2024-06-27,Standard - Shifting,Zone A,AlMuaisim Camp,364,357,2024-02-14T23:40:18.667149,7,55,https://hajj.nusuk.sa/sp/package/summary/446e0000-56b2-0050-6976-08dc2db64d76
Abdul Lateef Jameel Real Estate Investment Co. Ltd.,Hajj Jameel Tulip inn 2,29566.29,20,2024-06-02,2024-06-22,Standard,None,AlMuaisim Camp,80,79,2024-02-25T19:47:56.3682278,1,80,https://hajj.nusuk.sa/sp/package/summary/94040000-56b2-0050-add7-08dc363aa9bf
MCDC For Hajj And Umrah servises,MCDC1054HJ,29612.37,19,2024-06-03,2024-06-22,Standard - Shifting,Zone A,AlMuaisim Camp,52,51,2024-02-17T10:54:46.4592398,1,52,https://hajj.nusuk.sa/sp/package/summary/10130000-56b2-0050-f1fd-08dc2fa6daf8
Rawaf Mina Company for Pilgrimage Services,RAWAF HOLIDAY INN 383,29646.3,23,2024-06-03,2024-06-26,Standard,None,AlMuaisim Camp,84,83,2024-02-27T11:41:07.9930118,1,84,https://hajj.nusuk.sa/sp/package/summary/38340000-56b2-0050-d0f4-08dc3788fd06
Rawaf Mina Company for Pilgrimage Services,RAWAF HOLIDAY INN 384,29646.3,25,2024-06-02,2024-06-27,Standard,None,AlMuaisim Camp,100,98,2024-02-27T11:38:07.5345217,2,50,https://hajj.nusuk.sa/sp/package/summary/442b0000-56b2-0050-0937-08dc37889177
MCDC For Hajj And Umrah servises,MCDC1052HJ,29730.12,20,2024-06-02,2024-06-22,Standard - Shifting,Zone A,AlMuaisim Camp,52,51,2024-02-17T17:49:49.8702166,1,52,https://hajj.nusuk.sa/sp/package/summary/380c0000-56b2-0050-e53a-08dc2fe0d68f
Rawaf Mina Company for Pilgrimage Services,RAWAF HOLIDAY 367,29890.54,17,2024-06-07,2024-06-24,Standard,None,AlMuaisim Camp,268,262,2024-02-26T21:32:40.6569532,6,46,https://hajj.nusuk.sa/sp/package/summary/442b0000-56b2-0050-ca2c-08dc371275e3
Rawaf Mina Company for Pilgrimage Services,RAWAF HOLIDAY INN 208,29890.54,17,2024-06-09,2024-06-26,Premium,None,AlMuaisim Camp,284,277,2024-02-20T11:53:29.2665401,7,46,https://hajj.nusuk.sa/sp/package/summary/94650000-56b2-0050-ee25-08dc320a8df7
Rawaf Mina Company for Pilgrimage Services,RAWAF HOLIDAY INN 217,29890.54,20,2024-06-02,2024-06-22,Premium,None,AlMuaisim Camp,228,223,2024-02-20T14:51:16.6026278,5,46,https://hajj.nusuk.sa/sp/package/summary/645f0000-56b2-0050-3e23-08dc32236432
Rawaf Mina Company for Pilgrimage Services,RWAWF HOLIDAY INN 214,29890.54,17,2024-06-10,2024-06-27,Premium,None,AlMuaisim Camp,196,191,2024-02-25T22:21:02.1194915,5,46,https://hajj.nusuk.sa/sp/package/summary/5c350000-56b2-0050-1691-08dc36500ce2
MCDC For Hajj And Umrah servises,MCDC1051HJ,29893.37,20,2024-06-02,2024-06-22,Standard - Shifting,Zone A,AlMuaisim Camp,48,47,2024-02-17T17:59:21.8044186,1,48,https://hajj.nusuk.sa/sp/package/summary/4c5d0000-56b2-0050-2104-08dc2fe22b76
Al Bait Guests for Pilgrims Services,K1000 Standard NonShifting Extended,29950.01,24,2024-05-28,2024-06-21,Standard,Zone B,AlMuaisim Camp,284,277,2024-02-20T12:01:23.2095783,7,46,https://hajj.nusuk.sa/sp/package/summary/48560000-56b2-0050-e624-08dc320ba875
Al Bait Guests for Pilgrims Services,K3000 Standard Non Shifting Extended,29950.1,21,2024-06-01,2024-06-22,Standard,Zone B,AlMuaisim Camp,332,325,2024-02-27T12:11:43.4696941,7,50,https://hajj.nusuk.sa/sp/package/summary/c4430000-56b2-0050-54de-08dc378d430e
Al Bait Guests for Pilgrims Services,K4000 Standard Non Shifting Extended,29950.1,20,2024-06-03,2024-06-23,Standard,Zone B,AlMuaisim Camp,380,372,2024-02-27T12:25:34.3743746,8,50,https://hajj.nusuk.sa/sp/package/summary/cc240000-56b2-0050-52f7-08dc378f3250
Al Bait Guests for Pilgrims Services,K6000 Standard Non Shifting Classic,29950.1,17,2024-06-07,2024-06-24,Standard,Zone B,AlMuaisim Camp,320,313,2024-02-27T12:45:34.0867833,7,47,https://hajj.nusuk.sa/sp/package/summary/c01b0000-56b2-0050-e8ec-08dc3791fd65
Al Bait Guests for Pilgrims Services,K7000 Standard Non Shifting Classic,29950.1,17,2024-06-06,2024-06-23,Standard,Zone B,AlMuaisim Camp,340,332,2024-02-27T13:00:46.3020818,8,47,https://hajj.nusuk.sa/sp/package/summary/442e0000-56b2-0050-eb07-08dc37941d1e
Al Bait Guests for Pilgrims Services,K8000 Standard Non Shifting Classic,29950.1,17,2024-06-08,2024-06-25,Standard,Zone B,AlMuaisim Camp,384,376,2024-02-27T15:38:59.6567449,8,50,https://hajj.nusuk.sa/sp/package/summary/c01b0000-56b2-0050-e18f-08dc37aa3799
Al Bait Guests for Pilgrims Services,Al Bait Guests K5000,29952.51,17,2024-06-05,2024-06-22,Standard,Zone B,AlMuaisim Camp,340,332,2024-02-20T12:36:07.5306958,8,46,https://hajj.nusuk.sa/sp/package/summary/a46e0000-56b2-0050-0fb5-08dc321082d0
Al Bait Guests for Pilgrims Services,K10000 Standard Non Shifting Extended,29952.51,19,2024-06-10,2024-06-29,Standard,Zone B,AlMuaisim Camp,340,332,2024-02-18T20:29:31.2209385,8,46,https://hajj.nusuk.sa/sp/package/summary/8c210000-56b2-0050-bde0-08dc30c04fe7
Al Bait Guests for Pilgrims Services,K11000 Standard Non Shifting Extended,29952.51,21,2024-06-11,2024-07-02,Standard,Zone B,AlMuaisim Camp,340,332,2024-02-19T11:29:12.5293212,8,46,https://hajj.nusuk.sa/sp/package/summary/dc820000-56b2-0050-b886-08dc313dff45
Al Bait Guests for Pilgrims Services,K2000 Standard Non Shifting Extended,29952.51,22,2024-05-30,2024-06-21,Standard,Zone B,AlMuaisim Camp,332,324,2024-02-20T12:10:06.4580852,8,46,https://hajj.nusuk.sa/sp/package/summary/687d0000-56b2-0050-48e6-08dc320ce057
Al Bait Guests for Pilgrims Services,K9000 Standard Non Shifting Extended,29952.51,18,2024-06-09,2024-06-27,Standard,Zone B,AlMuaisim Camp,408,399,2024-02-20T11:46:31.2919218,9,46,https://hajj.nusuk.sa/sp/package/summary/bc770000-56b2-0050-10a8-08dc320994d6
Rawaf Mina Company for Pilgrimage Services,RAWAF HOLIDAY INN 206,29952.85,17,2024-06-06,2024-06-23,Premium,None,AlMuaisim Camp,284,277,2024-02-20T11:43:14.6062945,7,46,https://hajj.nusuk.sa/sp/package/summary/5c3b0000-56b2-0050-385e-08dc32091f9a
Rawaf Mina Company for Pilgrimage Services,RAWAF HOLIDAY INN 207,29952.85,18,2024-06-08,2024-06-26,Premium,None,AlMuaisim Camp,160,156,2024-02-20T11:46:00.0936725,4,46,https://hajj.nusuk.sa/sp/package/summary/a46e0000-56b2-0050-9703-08dc3209823d
Rawaf Mina Company for Pilgrimage Services,RWAWF HOLIDAY INN   216,29952.85,21,2024-06-05,2024-06-26,Premium,None,AlMuaisim Camp,160,156,2024-02-26T12:36:47.6108325,4,46,https://hajj.nusuk.sa/sp/package/summary/44200000-56b2-0050-4e07-08dc36c7992e
Rawaf Mina Company for Pilgrimage Services,RAWAF HOLIDAY INN 318,29995.21,24,2024-06-02,2024-06-26,Standard,None,AlMuaisim Camp,184,180,2024-02-25T19:24:07.0878658,4,46,https://hajj.nusuk.sa/sp/package/summary/04070000-56b2-0050-cdb2-08dc363755d4
SEERA GROUP HOLDING,MAW Asala MOK 1,30000.0,18,2024-06-06,2024-06-24,Standard,Zone C,AlMuaisim Camp,108,106,2024-02-20T18:36:29.2256532,2,70,https://hajj.nusuk.sa/sp/package/summary/bc770000-56b2-0050-e30b-08dc3242da58
Abdul Lateef Jameel Real Estate Investment Co. Ltd.,Hajj Jameel AlMihrab Jeddah 2,30000.63,23,2024-06-01,2024-06-24,Standard,None,AlMuaisim Camp,260,258,2024-02-24T22:06:18.1420391,2,130,https://hajj.nusuk.sa/sp/package/summary/e0280000-56b2-0050-1556-08dc3584d394
MCDC For Hajj And Umrah servises,MCDC1056HJ,30154.09,20,2024-06-05,2024-06-25,Standard - Shifting,Zone A,AlMuaisim Camp,100,98,2024-02-17T00:33:48.7073783,2,50,https://hajj.nusuk.sa/sp/package/summary/f8660000-56b2-0050-2dd0-08dc2f501b9f
Abdul Lateef Jameel Real Estate Investment Co. Ltd.,Hajj Jameel Al Mihrab 300,30319.9,22,2024-06-01,2024-06-23,Standard,None,AlMuaisim Camp,300,298,2024-02-24T21:01:00.2581538,2,150,https://hajj.nusuk.sa/sp/package/summary/782e0000-56b2-0050-720c-08dc357bb456
MCDC For Hajj And Umrah servises,MCDC9085JN,30337.95,19,2024-06-07,2024-06-26,Standard - Shifting,Zone B,AlMuaisim Camp,56,55,2024-02-26T12:40:45.1722257,1,56,https://hajj.nusuk.sa/sp/package/summary/50080000-56b2-0050-4c05-08dc36c826c7
MCDC For Hajj And Umrah servises,MCDC1062HJ,30435.36,16,2024-06-08,2024-06-24,Standard,Zone A,AlMuaisim Camp,52,51,2024-02-17T01:26:39.3083717,1,52,https://hajj.nusuk.sa/sp/package/summary/f8660000-56b2-0050-7f36-08dc2f577d72
Company AL RAJHI LIKHDEMAT AL TAJARIA MASANDA,2 Luxury Shifting 13,30471.86,22,2024-06-01,2024-06-23,Luxury - Shifting,Zone A,AlMuaisim Camp,144,141,2024-02-24T02:08:11.3007462,3,48,https://hajj.nusuk.sa/sp/package/summary/c8880000-56b2-0050-9b57-08dc34dd73ae
Company AL RAJHI LIKHDEMAT AL TAJARIA MASANDA,2 Luxury Shifting 16,30471.86,24,2024-06-08,2024-07-02,Luxury - Shifting,Zone A,AlMuaisim Camp,148,145,2024-02-24T07:26:00.2195689,3,50,https://hajj.nusuk.sa/sp/package/summary/dc8b0000-56b2-0050-b4de-08dc3509d9a4
Company AL RAJHI LIKHDEMAT AL TAJARIA MASANDA,Luxury Shifting Line 12,30471.86,22,2024-06-01,2024-06-23,Luxury - Shifting,Zone A,AlMuaisim Camp,184,180,2024-02-14T15:09:09.0704661,4,48,https://hajj.nusuk.sa/sp/package/summary/68500000-56b2-0050-5910-08dc2d6ee4f5
Company AL RAJHI LIKHDEMAT AL TAJARIA MASANDA,Luxury Shifting Line 13,30471.86,22,2024-06-01,2024-06-23,Luxury - Shifting,Zone A,AlMuaisim Camp,91,89,2024-02-14T15:14:23.282009,2,48,https://hajj.nusuk.sa/sp/package/summary/14220000-56b2-0050-3978-08dc2d6fa03e
Company AL RAJHI LIKHDEMAT AL TAJARIA MASANDA,Luxury Shifting Line 16,30471.86,24,2024-06-08,2024-07-02,Luxury - Shifting,Zone A,AlMuaisim Camp,271,266,2024-02-14T15:57:46.6116969,5,55,https://hajj.nusuk.sa/sp/package/summary/64490000-56b2-0050-cf58-08dc2d75aff2
MCDC For Hajj And Umrah servises,MCDC4010DJM,30482.95,19,2024-06-05,2024-06-24,Standard,Zone A,AlMuaisim Camp,180,176,2024-02-19T15:08:00.4077042,4,55,https://hajj.nusuk.sa/sp/package/summary/b0830000-56b2-0050-fdee-08dc315c9018
MCDC For Hajj And Umrah servises,MCDC1059HJ,30490.61,14,2024-06-10,2024-06-24,Standard,Zone A,AlMuaisim Camp,52,51,2024-02-17T01:03:46.9510847,1,52,https://hajj.nusuk.sa/sp/package/summary/1cb40000-56b2-0050-64af-08dc2f544b75
Abdul Lateef Jameel Real Estate Investment Co. Ltd.,Hajj Jameel Al Mihrab,30647.39,20,2024-06-01,2024-06-21,Standard,None,AlMuaisim Camp,336,333,2024-02-24T17:50:24.0655726,3,120,https://hajj.nusuk.sa/sp/package/summary/dc8b0000-56b2-0050-f16b-08dc356113d5
Abdul Lateef Jameel Real Estate Investment Co. Ltd.,Hajj Jameel Al Mihrab 1,30647.39,20,2024-06-05,2024-06-25,Standard,None,AlMuaisim Camp,636,631,2024-02-24T21:29:06.5861947,5,150,https://hajj.nusuk.sa/sp/package/summary/782e0000-56b2-0050-af2a-08dc357fa177
MCDC For Hajj And Umrah servises,MCDC2050UW,30753.42,22,2024-06-09,2024-07-01,Standard - Shifting,Zone C,AlMuaisim Camp,200,196,2024-02-06T19:52:03.068265,4,50,https://hajj.nusuk.sa/sp/package/summary/d0650000-56b2-0050-de03-08dc274d16f1
MCDC For Hajj And Umrah servises,MCDC5050KV,30925.38,18,2024-06-08,2024-06-26,Standard - Shifting,Zone A,AlMuaisim Camp,180,176,2024-02-16T13:26:38.0784171,4,47,https://hajj.nusuk.sa/sp/package/summary/081f0000-56b2-0050-f210-08dc2ef2e781
Company AL RAJHI LIKHDEMAT AL TAJARIA MASANDA,2Luxury shifting line 15,31331.68,24,2024-06-08,2024-07-02,Luxury - Shifting,Zone A,AlMuaisim Camp,141,138,2024-02-23T18:48:32.0979061,3,48,https://hajj.nusuk.sa/sp/package/summary/e4560000-56b2-0050-b055-08dc34a00873
Company AL RAJHI LIKHDEMAT AL TAJARIA MASANDA,Luxury Shifting Line 10,31331.68,22,2024-06-01,2024-06-23,Luxury - Shifting,Zone A,AlMuaisim Camp,240,235,2024-02-14T14:58:15.3469022,5,48,https://hajj.nusuk.sa/sp/package/summary/48ab0000-56b2-0050-0c56-08dc2d6d5f4f
Company AL RAJHI LIKHDEMAT AL TAJARIA MASANDA,Luxury Shifting Line 11,31331.68,22,2024-06-01,2024-06-23,Luxury - Shifting,Zone A,AlMuaisim Camp,328,321,2024-02-14T15:04:43.348733,7,48,https://hajj.nusuk.sa/sp/package/summary/446e0000-56b2-0050-6dd5-08dc2d6e4693
Company AL RAJHI LIKHDEMAT AL TAJARIA MASANDA,Luxury shifting Line 14,31331.68,24,2024-06-08,2024-07-02,Luxury - Shifting,Zone A,AlMuaisim Camp,192,188,2024-02-23T15:04:09.2867194,4,48,https://hajj.nusuk.sa/sp/package/summary/58470000-56b2-0050-ba76-08dc3480affd
Company AL RAJHI LIKHDEMAT AL TAJARIA MASANDA,Luxury shifting Line 15,31331.68,25,2024-06-07,2024-07-02,Luxury - Shifting,Zone A,AlMuaisim Camp,235,230,2024-02-23T17:53:38.2134009,5,48,https://hajj.nusuk.sa/sp/package/summary/c0670000-56b2-0050-cceb-08dc34985d24
MCDC For Hajj And Umrah servises,MCDC1150UWRLD,31367.66,24,2024-06-02,2024-06-26,Standard - Shifting,Zone A,AlMuaisim Camp,72,70,2024-02-18T12:56:36.7361543,2,50,https://hajj.nusuk.sa/sp/package/summary/443a0000-56b2-0050-6df6-08dc30810aa6
Company AL RAJHI LIKHDEMAT AL TAJARIA MASANDA,2Luxury shifting Line 27,31593.38,16,2024-06-05,2024-06-21,Luxury - Shifting,Zone A,AlMuaisim Camp,62,60,2024-02-23T17:23:50.2541945,2,48,https://hajj.nusuk.sa/sp/package/summary/6c280000-56b2-0050-e065-08dc3494336f
Company AL RAJHI LIKHDEMAT AL TAJARIA MASANDA,Luxury shifting Line 27,31593.38,17,2024-06-05,2024-06-22,Luxury - Shifting,Zone A,AlMuaisim Camp,216,212,2024-02-23T17:09:41.2128264,4,54,https://hajj.nusuk.sa/sp/package/summary/6c280000-56b2-0050-71ee-08dc3492395e
Al Burj International Company,Al Burj Economy FRCSE24,31741.05,14,2024-06-09,2024-06-23,Standard,Zone B,AlMuaisim Camp,448,438,2024-02-21T16:13:37.7625411,10,45,https://hajj.nusuk.sa/sp/package/summary/7c4d0000-56b2-0050-2933-08dc32f80fc5
MCDC For Hajj And Umrah servises,MCDC1080HJ,31936.19,21,2024-06-05,2024-06-26,Standard - Shifting,Zone A,AlMuaisim Camp,46,45,2024-02-17T12:30:20.255435,1,46,https://hajj.nusuk.sa/sp/package/summary/4c730000-56b2-0050-cfec-08dc2fb43494
MCDC For Hajj And Umrah servises,MCDC1020MAK,32003.57,16,2024-06-07,2024-06-23,Premium,Zone A,AlMuaisim Camp,100,98,2024-02-12T21:17:38.9314828,2,50,https://hajj.nusuk.sa/sp/package/summary/64250000-56b2-0050-e701-08dc2c100aa2
Ithraa alkhair for pilgrims services,Ithraa Al Khair 40,32078.74,15,2024-06-09,2024-06-24,Standard,Zone C,AlMuaisim Camp,200,196,2024-02-10T13:27:52.4047632,4,50,https://hajj.nusuk.sa/sp/package/summary/c4aa0000-56b2-0050-befa-08dc2a3c1554
Company AL RAJHI LIKHDEMAT AL TAJARIA MASANDA,3 Luxury Shifting Line 27,32322.37,16,2024-06-05,2024-06-21,Luxury - Shifting,Zone A,AlMuaisim Camp,47,46,2024-02-24T06:44:56.7064062,1,47,https://hajj.nusuk.sa/sp/package/summary/5c660000-56b2-0050-6de3-08dc35041d46
Company AL RAJHI LIKHDEMAT AL TAJARIA MASANDA,Luxury Shifting Line 28,32322.37,16,2024-06-05,2024-06-21,Luxury - Shifting,Zone A,AlMuaisim Camp,94,92,2024-02-14T15:35:04.2893572,2,48,https://hajj.nusuk.sa/sp/package/summary/90500000-56b2-0050-eaee-08dc2d7283f0
Ithraa alkhair for pilgrims services,Ithraa Al Khair 45,32365.6,18,2024-06-07,2024-06-25,Standard,Zone C,AlMuaisim Camp,116,114,2024-02-15T17:41:11.5232981,2,100,https://hajj.nusuk.sa/sp/package/summary/0c3e0000-56b2-0050-eec9-08dc2e4d4cc6
MCDC For Hajj And Umrah servises,MCDC4000SHQ,32444.46,14,2024-06-07,2024-06-21,Standard,Zone A,AlMuaisim Camp,296,290,2024-02-16T14:53:21.558021,6,50,https://hajj.nusuk.sa/sp/package/summary/60060000-56b2-0050-ec30-08dc2eff0505
Company AL RAJHI LIKHDEMAT AL TAJARIA MASANDA,2 Luxury shifting Line 26,32453.2,16,2024-06-05,2024-06-21,Luxury - Shifting,Zone A,AlMuaisim Camp,82,80,2024-02-24T05:16:46.4269884,2,48,https://hajj.nusuk.sa/sp/package/summary/805a0000-56b2-0050-da38-08dc34f7cc05
Company AL RAJHI LIKHDEMAT AL TAJARIA MASANDA,2Luxury Shifting 23,32453.2,16,2024-06-05,2024-06-21,Luxury - Shifting,Zone A,AlMuaisim Camp,17,16,2024-02-17T21:38:00.9588453,1,17,https://hajj.nusuk.sa/sp/package/summary/ec530000-56b2-0050-3ad8-08dc3000b716
Company AL RAJHI LIKHDEMAT AL TAJARIA MASANDA,Luxury Shifting Line 25,32453.2,16,2024-06-05,2024-06-21,Luxury - Shifting,Zone A,AlMuaisim Camp,98,96,2024-02-14T15:21:02.3019089,2,49,https://hajj.nusuk.sa/sp/package/summary/14220000-56b2-0050-d44d-08dc2d708e13
Company AL RAJHI LIKHDEMAT AL TAJARIA MASANDA,Luxury Shifting Line 26,32453.2,16,2024-06-05,2024-06-21,Luxury - Shifting,Zone A,AlMuaisim Camp,148,145,2024-02-14T15:26:26.1594919,3,50,https://hajj.nusuk.sa/sp/package/summary/90500000-56b2-0050-931b-08dc2d714f1c
Company AL RAJHI LIKHDEMAT AL TAJARIA MASANDA,Luxury shifting Line 23,32453.2,16,2024-06-05,2024-06-21,Luxury - Shifting,Zone A,AlMuaisim Camp,79,78,2024-02-16T09:50:15.7778433,1,79,https://hajj.nusuk.sa/sp/package/summary/7c220000-56b2-0050-15fc-08dc2ed4ad74
Company AL RAJHI LIKHDEMAT AL TAJARIA MASANDA,Luxury shifting Line 24,32453.2,16,2024-06-05,2024-06-21,Luxury - Shifting,Zone A,AlMuaisim Camp,144,141,2024-02-23T15:25:57.0408605,3,48,https://hajj.nusuk.sa/sp/package/summary/38780000-56b2-0050-2c7b-08dc3483bb79
Company AL RAJHI LIKHDEMAT AL TAJARIA MASANDA,Luxury shifting Line 6,32666.62,18,2024-06-09,2024-06-27,Luxury - Shifting,Zone A,AlMuaisim Camp,133,130,2024-02-23T01:36:27.7046488,3,48,https://hajj.nusuk.sa/sp/package/summary/98690000-56b2-0050-24c5-08dc340fdaa3
Ithraa alkhair for pilgrims services,Ithraa Al Khair 38,32736.69,20,2024-06-02,2024-06-22,Standard,Zone C,AlMuaisim Camp,80,79,2024-02-10T13:55:57.0753941,1,80,https://hajj.nusuk.sa/sp/package/summary/548a0000-56b2-0050-1582-08dc2a400179
Rawaf Mina Company for Pilgrimage Services,RAWAF  HOLIDAY INN  392,32811.47,18,2024-06-10,2024-06-28,Standard,None,AlMuaisim Camp,264,258,2024-02-28T16:25:53.4079506,6,50,https://hajj.nusuk.sa/sp/package/summary/28460000-56b2-0050-fdf3-08dc3879ef23
Rawaf Mina Company for Pilgrimage Services,RAWAF TRIPLE   HOLIDAY INN 378,32811.47,19,2024-06-05,2024-06-24,Standard,None,AlMuaisim Camp,60,59,2024-02-28T15:19:19.7882479,1,60,https://hajj.nusuk.sa/sp/package/summary/08290000-56b2-0050-fc51-08dc3870a2c1
Rawaf Mina Company for Pilgrimage Services,RAWAF TRIPLE  HOLIDAY INN  251,32811.47,17,2024-06-06,2024-06-23,Premium,None,AlMuaisim Camp,75,74,2024-02-28T15:27:12.9086767,1,75,https://hajj.nusuk.sa/sp/package/summary/70040000-56b2-0050-6f24-08dc3871bcc2
Rawaf Mina Company for Pilgrimage Services,RAWAF TRIPLE  HOLIDAY INN  252,32811.47,18,2024-06-09,2024-06-27,Premium,None,AlMuaisim Camp,75,74,2024-02-28T15:33:28.0013177,1,75,https://hajj.nusuk.sa/sp/package/summary/ac390000-56b2-0050-0767-08dc38729c55
Rawaf Mina Company for Pilgrimage Services,RAWAF TRIPLE  HOLIDAY INN 379,32811.47,15,2024-06-08,2024-06-23,Standard,None,AlMuaisim Camp,60,59,2024-02-28T15:22:02.3849263,1,60,https://hajj.nusuk.sa/sp/package/summary/3c3d0000-56b2-0050-451e-08dc387103ac
Al Bait Guests for Pilgrims Services,B5000 Premium Shifting Extended,32820.45,17,2024-06-11,2024-06-28,Premium - Shifting,Zone A,AlMuaisim Camp,320,313,2024-02-19T15:20:26.6475213,7,46,https://hajj.nusuk.sa/sp/package/summary/88980000-56b2-0050-26b6-08dc315e4ce4
Company AL RAJHI LIKHDEMAT AL TAJARIA MASANDA,2Luxury shifting line 6,32859.79,18,2024-06-09,2024-06-27,Luxury - Shifting,Zone A,AlMuaisim Camp,70,68,2024-02-23T14:04:01.9226099,2,48,https://hajj.nusuk.sa/sp/package/summary/607b0000-56b2-0050-a5f1-08dc347849d5
MCDC For Hajj And Umrah servises,MCDC1112AZ,32944.1,13,2024-06-07,2024-06-20,Luxury,Zone A,AlMuaisim Camp,48,47,2024-02-18T01:26:32.0493913,1,48,https://hajj.nusuk.sa/sp/package/summary/10130000-56b2-0050-9d43-08dc3020a388
Al Bait Guests for Pilgrims Services,A11000 Luxury Shifting Classic,32950.05,18,2024-06-04,2024-06-22,Luxury - Shifting,Zone A,AlMuaisim Camp,150,147,2024-02-27T01:26:40.5344894,3,50,https://hajj.nusuk.sa/sp/package/summary/ac3e0000-56b2-0050-1672-08dc3733264f
Al Bait Guests for Pilgrims Services,A18000 Luxury Shifting Extended,32950.06,20,2024-06-11,2024-07-01,Luxury - Shifting,Zone A,AlMuaisim Camp,149,146,2024-02-26T23:30:13.5681877,3,50,https://hajj.nusuk.sa/sp/package/summary/d0380000-56b2-0050-a342-08dc3722e1c0
Al Bait Guests for Pilgrims Services,A7000 Luxury Shifting Extended,32950.06,22,2024-05-29,2024-06-20,Luxury - Shifting,Zone A,AlMuaisim Camp,240,234,2024-02-24T16:42:24.844527,6,46,https://hajj.nusuk.sa/sp/package/summary/a86c0000-56b2-0050-3541-08dc3557946e
Al Bait Guests for Pilgrims Services,A8000 Premium Shifting Classic,32950.1,16,2024-06-10,2024-06-26,Premium - Shifting,Zone A,AlMuaisim Camp,100,98,2024-02-26T13:03:22.6165636,2,50,https://hajj.nusuk.sa/sp/package/summary/44200000-56b2-0050-dd76-08dc36cb4fe0
Al Bait Guests for Pilgrims Services,A16000 Premium Shifting Extended,32950.47,16,2024-06-10,2024-06-26,Premium - Shifting,Zone A,AlMuaisim Camp,255,249,2024-02-19T16:21:11.5748889,6,46,https://hajj.nusuk.sa/sp/package/summary/b0830000-56b2-0050-ee16-08dc3166c96f
Al Bait Guests for Pilgrims Services,B7000 Premium Shifting Extended,32954.09,19,2024-06-11,2024-06-30,Premium - Shifting,Zone A,AlMuaisim Camp,320,313,2024-02-15T00:32:15.4073251,7,46,https://hajj.nusuk.sa/sp/package/summary/3c060000-56b2-0050-389f-08dc2dbd8f2f
Rawaf Mina Company for Pilgrimage Services,RAWAF VOCO 201,32980.94,24,2024-06-02,2024-06-26,Premium,Zone C,AlMuaisim Camp,12,11,2024-02-18T10:45:36.4938128,1,12,https://hajj.nusuk.sa/sp/package/summary/bc950000-56b2-0050-a17d-08dc306ebd94
Rawaf Mina Company for Pilgrimage Services,RAWAF VOCO 202,32980.94,17,2024-06-06,2024-06-23,Premium,Zone C,AlMuaisim Camp,172,168,2024-02-25T20:41:14.1443219,4,46,https://hajj.nusuk.sa/sp/package/summary/e4370000-56b2-0050-9682-08dc36421bc5
Rawaf Mina Company for Pilgrimage Services,RAWAF VOCO 204,32980.94,15,2024-06-09,2024-06-24,Premium,Zone C,AlMuaisim Camp,120,117,2024-02-20T12:14:01.6705683,3,46,https://hajj.nusuk.sa/sp/package/summary/bc770000-56b2-0050-dc7c-08dc320d6c89
Rawaf Mina Company for Pilgrimage Services,RAWAF VOCO 366,32980.94,18,2024-06-02,2024-06-20,Standard,Zone C,AlMuaisim Camp,76,75,2024-02-26T20:14:35.0855051,1,76,https://hajj.nusuk.sa/sp/package/summary/442e0000-56b2-0050-5373-08dc37078d12
Rawaf Mina Company for Pilgrimage Services,RAWAF VOCO 369 Special Offer,32980.94,19,2024-06-07,2024-06-26,Standard,Zone C,AlMuaisim Camp,188,184,2024-02-26T21:15:14.3132934,4,50,https://hajj.nusuk.sa/sp/package/summary/ac3e0000-56b2-0050-6af0-08dc37100638
SEERA GROUP HOLDING,MAW Elite SEA 1,33000.0,17,2024-06-09,2024-06-26,Luxury - Shifting,Zone A,AlMuaisim Camp,112,111,2024-02-08T16:08:34.8215549,1,112,https://hajj.nusuk.sa/sp/package/summary/985c0000-56b2-0050-48e4-08dc28c033d5
SEERA GROUP HOLDING,MAW Elite SEA 10,33000.0,17,2024-06-09,2024-06-26,Luxury - Shifting,Zone A,AlMuaisim Camp,40,39,2024-02-13T10:20:49.7489646,1,40,https://hajj.nusuk.sa/sp/package/summary/cc370000-56b2-0050-9ec9-08dc2c7d7358
SEERA GROUP HOLDING,MAW Elite SEA 100,33000.0,17,2024-06-09,2024-06-26,Luxury - Shifting,Zone A,AlMuaisim Camp,60,59,2024-02-13T14:09:52.3524245,1,60,https://hajj.nusuk.sa/sp/package/summary/64250000-56b2-0050-7e81-08dc2c9d7293
MCDC For Hajj And Umrah servises,MCDC3010JN,33061.6,16,2024-06-10,2024-06-26,Standard,Zone A,AlMuaisim Camp,48,47,2024-02-17T18:30:02.6991605,1,48,https://hajj.nusuk.sa/sp/package/summary/ec530000-56b2-0050-5fe9-08dc2fe674b8
Company AL RAJHI LIKHDEMAT AL TAJARIA MASANDA,Luxury Shifting Line 1,33120.0,17,2024-06-07,2024-06-24,Luxury - Shifting,Zone A,AlMuaisim Camp,279,273,2024-02-14T03:18:19.3110994,6,48,https://hajj.nusuk.sa/sp/package/summary/602f0000-56b2-0050-87c6-08dc2d0b97b8
SEERA GROUP HOLDING,MAW Elite SEA 2,33500.0,23,2024-06-10,2024-07-03,Luxury - Shifting,Zone A,AlMuaisim Camp,112,111,2024-02-11T13:08:10.2690087,1,112,https://hajj.nusuk.sa/sp/package/summary/d4810000-56b2-0050-e525-08dc2b027f22
SEERA GROUP HOLDING,MAW Elite SEA 20,33500.0,23,2024-06-10,2024-07-03,Luxury - Shifting,Zone A,AlMuaisim Camp,60,59,2024-02-13T14:34:20.2780285,1,60,https://hajj.nusuk.sa/sp/package/summary/74690000-56b2-0050-2a67-08dc2ca0dd87
SEERA GROUP HOLDING,MAW Elite SEA 200,33500.0,23,2024-06-10,2024-07-03,Luxury - Shifting,Zone A,AlMuaisim Camp,40,39,2024-02-13T15:27:02.0941078,1,40,https://hajj.nusuk.sa/sp/package/summary/64250000-56b2-0050-030f-08dc2ca83a1e
Ithraa alkhair for pilgrims services,Ithraa Al Khair 14,33589.07,20,2024-06-07,2024-06-27,Luxury - Shifting,None,AlMuaisim Camp,100,98,2024-02-10T13:36:35.1281897,2,50,https://hajj.nusuk.sa/sp/package/summary/c4aa0000-56b2-0050-02d9-08dc2a3d4ce6
Company AL RAJHI LIKHDEMAT AL TAJARIA MASANDA,2Luxury shifting line 1,33694.71,17,2024-06-07,2024-06-24,Luxury - Shifting,Zone A,AlMuaisim Camp,105,102,2024-02-24T17:43:30.6611576,3,48,https://hajj.nusuk.sa/sp/package/summary/688b0000-56b2-0050-6f6a-08dc35601d6d
MCDC For Hajj And Umrah servises,MCDC1057HJ,33830.43,14,2024-06-09,2024-06-23,Standard,Zone A,AlMuaisim Camp,8,7,2024-02-17T00:49:24.7269668,1,8,https://hajj.nusuk.sa/sp/package/summary/f8660000-56b2-0050-6f0a-08dc2f524988
MCDC For Hajj And Umrah servises,MCDC1060HJ,33830.43,14,2024-06-09,2024-06-23,Standard,Zone A,AlMuaisim Camp,44,43,2024-02-17T01:10:51.0648027,1,44,https://hajj.nusuk.sa/sp/package/summary/48180000-56b2-0050-02ba-08dc2f554840
MCDC For Hajj And Umrah servises,MCDC1061HJ,33830.43,14,2024-06-09,2024-06-23,Standard,Zone A,AlMuaisim Camp,48,47,2024-02-17T01:21:17.8495474,1,48,https://hajj.nusuk.sa/sp/package/summary/80650000-56b2-0050-c5ea-08dc2f56bdd7
MCDC For Hajj And Umrah servises,MCDC1152UK,33871.19,14,2024-06-07,2024-06-21,Luxury,Zone A,AlMuaisim Camp,48,47,2024-02-18T13:23:34.4666625,1,48,https://hajj.nusuk.sa/sp/package/summary/8c210000-56b2-0050-83fe-08dc3084cee4
Al Bait Guests for Pilgrims Services,A14200 Luxury Shifting Extended,33912.04,21,2024-06-01,2024-06-22,Luxury - Shifting,Zone A,AlMuaisim Camp,90,88,2024-02-27T00:52:18.2048295,2,50,https://hajj.nusuk.sa/sp/package/summary/383b0000-56b2-0050-8e11-08dc372e5910
Al Bait Guests for Pilgrims Services,D7000 Luxury Shifting Extended,33949.79,16,2024-06-10,2024-06-26,Premium - Shifting,Zone A,AlMuaisim Camp,140,136,2024-02-19T18:01:41.3775354,4,46,https://hajj.nusuk.sa/sp/package/summary/08140000-56b2-0050-cbe3-08dc3174d37a
Al Bait Guests for Pilgrims Services,A15000 Luxury Shifting Extended,33950.07,24,2024-06-10,2024-07-04,Luxury - Shifting,Zone A,AlMuaisim Camp,240,235,2024-02-26T23:14:28.5516061,5,50,https://hajj.nusuk.sa/sp/package/summary/c4430000-56b2-0050-8cfe-08dc3720ae7a
Al Bait Guests for Pilgrims Services,B6000 Premium Shifting Extended,33950.07,22,2024-06-10,2024-07-02,Premium - Shifting,Zone A,AlMuaisim Camp,320,313,2024-02-18T16:04:03.6440248,7,46,https://hajj.nusuk.sa/sp/package/summary/bc950000-56b2-0050-60a8-08dc309b3a54
MCDC For Hajj And Umrah servises,MCDC6000LAB,33951.27,13,2024-06-10,2024-06-23,Luxury,Zone A,AlMuaisim Camp,48,47,2024-02-16T16:15:00.9701624,1,48,https://hajj.nusuk.sa/sp/package/summary/7c220000-56b2-0050-e2f4-08dc2f0a6d4c
Al Bait Guests for Pilgrims Services,B1000 Premium Shifting Extended,33954.09,22,2024-05-29,2024-06-20,Premium - Shifting,Zone A,AlMuaisim Camp,320,313,2024-02-22T19:17:00.5279577,7,46,https://hajj.nusuk.sa/sp/package/summary/b07d0000-56b2-0050-ad2e-08dc33dad857
Al Bait Guests for Pilgrims Services,B8000 Premium Shifting Extended,33954.09,23,2024-05-29,2024-06-21,Premium - Shifting,Zone A,AlMuaisim Camp,320,313,2024-02-15T17:19:04.8150534,7,46,https://hajj.nusuk.sa/sp/package/summary/98060000-56b2-0050-5203-08dc2e4a35ff
SEERA GROUP HOLDING,MAW HSR Gold 01,34000.0,14,2024-06-07,2024-06-21,Luxury,None,AlMuaisim Camp,140,137,2024-02-14T18:31:26.6270938,3,50,https://hajj.nusuk.sa/sp/package/summary/64490000-56b2-0050-82ca-08dc2d8b2781
MCDC For Hajj And Umrah servises,MCDC1001OM,34171.84,16,2024-06-08,2024-06-24,Standard,Zone A,AlMuaisim Camp,48,47,2024-02-13T01:38:20.0259105,1,48,https://hajj.nusuk.sa/sp/package/summary/7c6d0000-56b2-0050-8218-08dc2c347574
Company AL RAJHI LIKHDEMAT AL TAJARIA MASANDA,Luxury Shifting Line 5,34387.56,22,2024-06-02,2024-06-24,Luxury - Shifting,Zone A,AlMuaisim Camp,28,27,2024-02-14T14:02:49.4688366,1,28,https://hajj.nusuk.sa/sp/package/summary/28940000-56b2-0050-5451-08dc2d65a0ee
Company AL RAJHI LIKHDEMAT AL TAJARIA MASANDA,2 Luxury shifting Line 4,34387.57,22,2024-06-02,2024-06-24,Luxury - Shifting,Zone A,AlMuaisim Camp,146,143,2024-02-28T19:42:40.8278522,3,49,https://hajj.nusuk.sa/sp/package/summary/70040000-56b2-0050-49e5-08dc38956ce9
MCDC For Hajj And Umrah servises,MCDC9002JN,34429.12,21,2024-06-02,2024-06-23,Luxury - Shifting,Zone A,AlMuaisim Camp,16,15,2024-02-24T14:56:38.6363384,1,16,https://hajj.nusuk.sa/sp/package/summary/60d20000-56b2-0050-afd7-08dc3548cdcb
Company AL RAJHI LIKHDEMAT AL TAJARIA MASANDA,Luxury Shifting Line 7,34473.53,23,2024-06-09,2024-07-02,Luxury - Shifting,Zone A,AlMuaisim Camp,311,305,2024-02-14T14:19:46.8979921,6,52,https://hajj.nusuk.sa/sp/package/summary/28940000-56b2-0050-b2be-08dc2d67ff5d
Company AL RAJHI LIKHDEMAT AL TAJARIA MASANDA,Luxury Shifting Line 4,34550.82,22,2024-06-02,2024-06-24,Luxury - Shifting,Zone A,AlMuaisim Camp,94,92,2024-02-21T00:58:54.1964,2,48,https://hajj.nusuk.sa/sp/package/summary/f0420000-56b2-0050-92c4-08dc3278469d
MCDC For Hajj And Umrah servises,MCDC9003JN,34875.2,14,2024-06-07,2024-06-21,Luxury - Shifting,Zone A,AlMuaisim Camp,264,259,2024-02-17T21:28:35.0151972,5,53,https://hajj.nusuk.sa/sp/package/summary/1c860000-56b2-0050-1523-08dc2fff65c2
Al Bait Guests for Pilgrims Services,A5000 Luxury Shifting Extended,34950.06,15,2024-06-12,2024-06-27,Luxury - Shifting,Zone A,AlMuaisim Camp,240,234,2024-02-27T00:17:58.2868171,6,42,https://hajj.nusuk.sa/sp/package/summary/c4430000-56b2-0050-02b4-08dc37298d42
Al Bait Guests for Pilgrims Services,A1000 Luxury Shifting Extended,34950.08,24,2024-05-29,2024-06-22,Luxury - Shifting,Zone A,AlMuaisim Camp,240,234,2024-02-21T13:07:44.6245565,6,46,https://hajj.nusuk.sa/sp/package/summary/9c650000-56b2-0050-5cab-08dc32de17fb
Al Bait Guests for Pilgrims Services,D4000 Luxury Shifting Extended,34954.11,16,2024-06-10,2024-06-26,Luxury - Shifting,Zone A,AlMuaisim Camp,380,372,2024-02-15T13:12:41.7915348,8,50,https://hajj.nusuk.sa/sp/package/summary/24370000-56b2-0050-f1c2-08dc2e27caa0
MCDC For Hajj And Umrah servises,MCDC1058HJ,34958.57,23,2024-06-05,2024-06-28,Standard,Zone A,AlMuaisim Camp,44,43,2024-02-17T00:58:35.6956483,1,44,https://hajj.nusuk.sa/sp/package/summary/f8660000-56b2-0050-9529-08dc2f5391ef
MCDC For Hajj And Umrah servises,MCDC1075HJ,35098.89,21,2024-06-03,2024-06-24,Luxury - Shifting,Zone A,AlMuaisim Camp,52,51,2024-02-17T12:20:08.5503513,1,52,https://hajj.nusuk.sa/sp/package/summary/380c0000-56b2-0050-05fd-08dc2fb2c7fa
Ithraa alkhair for pilgrims services,Ithraa Al Khair 13,35174.15,20,2024-06-07,2024-06-27,Luxury - Shifting,None,AlMuaisim Camp,300,294,2024-02-10T13:21:16.2565407,6,50,https://hajj.nusuk.sa/sp/package/summary/f0750000-56b2-0050-5312-08dc2a3b2935
Ithraa alkhair for pilgrims services,Ithraa Al Khair 36,35214.01,14,2024-06-09,2024-06-23,Premium,Zone C,AlMuaisim Camp,232,227,2024-02-10T14:06:36.9492868,5,50,https://hajj.nusuk.sa/sp/package/summary/087f0000-56b2-0050-1775-08dc2a417ede
Ithraa alkhair for pilgrims services,Ithraa Al Khair 39,35260.25,19,2024-06-08,2024-06-27,Premium,Zone C,AlMuaisim Camp,232,227,2024-02-10T14:03:24.7421384,5,48,https://hajj.nusuk.sa/sp/package/summary/548a0000-56b2-0050-9bb6-08dc2a410c4d
Al Burj International Company,Al Burj Luxury Package FRLOS24,35380.98,22,2024-06-09,2024-07-01,Luxury - Shifting,Zone A,AlMuaisim Camp,450,440,2024-02-21T13:36:29.760775,10,45,https://hajj.nusuk.sa/sp/package/summary/5c830000-56b2-0050-4237-08dc32e21c3e
Company AL RAJHI LIKHDEMAT AL TAJARIA MASANDA,2 Luxury Shifting Line 2,35518.2,23,2024-05-28,2024-06-20,Luxury - Shifting,Zone A,AlMuaisim Camp,36,35,2024-02-20T20:11:30.1241453,1,36,https://hajj.nusuk.sa/sp/package/summary/645f0000-56b2-0050-f66b-08dc32502058
Company AL RAJHI LIKHDEMAT AL TAJARIA MASANDA,Luxury shifting Line 2,35518.2,23,2024-05-28,2024-06-20,Luxury - Shifting,Zone A,AlMuaisim Camp,144,141,2024-02-14T12:40:52.6807973,3,48,https://hajj.nusuk.sa/sp/package/summary/446e0000-56b2-0050-0390-08dc2d5a2e4c
Ithraa alkhair for pilgrims services,Ithraa Al Khair 55,35635.19,20,2024-06-07,2024-06-27,Premium,Zone C,AlMuaisim Camp,232,228,2024-02-10T13:58:52.220347,4,70,https://hajj.nusuk.sa/sp/package/summary/781e0000-56b2-0050-1531-08dc2a4069de
Rawaf Mina Company for Pilgrimage Services,RAWAF HOLIDAY 371,35635.19,18,2024-06-07,2024-06-25,Standard,None,Majar AlKabsh Camp,40,39,2024-02-27T13:42:01.9821872,1,40,https://hajj.nusuk.sa/sp/package/summary/8c120000-56b2-0050-b920-08dc3799e0bd
MCDC For Hajj And Umrah servises,MCDC1055HJ,35658.7,19,2024-06-02,2024-06-21,Luxury,Zone A,AlMuaisim Camp,52,51,2024-02-17T11:20:42.4616629,1,52,https://hajj.nusuk.sa/sp/package/summary/4c5d0000-56b2-0050-1298-08dc2faa7a6c
MCDC For Hajj And Umrah servises,MCDC1050HJ,35697.84,16,2024-06-07,2024-06-23,Luxury,Zone A,AlMuaisim Camp,52,51,2024-02-09T12:27:26.4693481,1,52,https://hajj.nusuk.sa/sp/package/summary/ec910000-56b2-0050-28d8-08dc296a79b1
Ithraa alkhair for pilgrims services,Ithraa Al Khair 02,35744.87,23,2024-06-09,2024-07-02,Luxury - Shifting,Zone A,AlMuaisim Camp,98,96,2024-02-10T13:15:21.7334832,2,49,https://hajj.nusuk.sa/sp/package/summary/f0750000-56b2-0050-6625-08dc2a3a55e5
SEERA GROUP HOLDING,MAW Elite MAH 001,35750.0,19,2024-06-07,2024-06-26,Luxury - Shifting,Zone A,AlMuaisim Camp,92,89,2024-02-14T17:41:50.6792081,3,40,https://hajj.nusuk.sa/sp/package/summary/68500000-56b2-0050-e68f-08dc2d8439b3
Ithraa alkhair for pilgrims services,ITHRAA AL KHIR 54,35766.04,15,2024-06-10,2024-06-25,Standard,Zone C,AlMuaisim Camp,208,204,2024-02-28T18:21:08.5000951,4,60,https://hajj.nusuk.sa/sp/package/summary/28460000-56b2-0050-50e6-08dc388a08db
Ithraa alkhair for pilgrims services,Ithraa Al Khair 01,35829.67,18,2024-06-09,2024-06-27,Luxury - Shifting,Zone A,AlMuaisim Camp,188,184,2024-02-10T13:09:20.0520968,4,48,https://hajj.nusuk.sa/sp/package/summary/c46c0000-56b2-0050-3303-08dc2a397e51
Ithraa alkhair for pilgrims services,Ithraa Al Khair 57,35945.49,23,2024-06-02,2024-06-25,Luxury - Shifting,Zone A,AlMuaisim Camp,98,96,2024-02-15T16:23:25.0257817,2,50,https://hajj.nusuk.sa/sp/package/summary/cc470000-56b2-0050-eb7e-08dc2e426f53
Company AL RAJHI LIKHDEMAT AL TAJARIA MASANDA,2Luxury shifting Line 7,35948.12,23,2024-06-09,2024-07-02,Luxury - Shifting,Zone A,AlMuaisim Camp,186,182,2024-02-24T18:15:37.3162694,4,48,https://hajj.nusuk.sa/sp/package/summary/a86c0000-56b2-0050-acaa-08dc356499cd
Al Bait Guests for Pilgrims Services,B3000 Premium Non Shifting Classic,35950.06,15,2024-06-06,2024-06-21,Premium,Zone A,AlMuaisim Camp,141,138,2024-02-15T17:09:45.6904154,3,47,https://hajj.nusuk.sa/sp/package/summary/f0520000-56b2-0050-abd8-08dc2e48e8bb
Al Bait Guests for Pilgrims Services,B4000 Premium Non Shifting Classic,35950.06,14,2024-06-10,2024-06-24,Premium,Zone A,AlMuaisim Camp,94,92,2024-02-25T18:51:47.1789286,2,47,https://hajj.nusuk.sa/sp/package/summary/b8190000-56b2-0050-30d5-08dc3632d18e
Dur Hospitality company,Dur Luxury 3,35988.58,14,2024-06-07,2024-06-21,Luxury,None,Majar AlKabsh Camp,335,328,2024-02-12T09:12:07.1691179,7,49,https://hajj.nusuk.sa/sp/package/summary/cc630000-56b2-0050-1ba2-08dc2baaafaf
Ithraa alkhair for pilgrims services,Ithraa Al Khair 05,35989.74,23,2024-06-02,2024-06-25,Luxury - Shifting,Zone A,AlMuaisim Camp,196,192,2024-02-10T13:33:10.9221886,4,49,https://hajj.nusuk.sa/sp/package/summary/f0750000-56b2-0050-a5f4-08dc2a3cd32e
Ithraa alkhair for pilgrims services,Ithraa Al Khair 04,36022.76,24,2024-05-27,2024-06-20,Luxury - Shifting,Zone A,AlMuaisim Camp,396,388,2024-02-10T13:30:27.7060256,8,50,https://hajj.nusuk.sa/sp/package/summary/c4aa0000-56b2-0050-d68a-08dc2a3c71e5
Ithraa alkhair for pilgrims services,Ithraa Al Khair 37,36127.39,21,2024-06-02,2024-06-23,Premium,Zone C,Majar AlKabsh Camp,112,110,2024-02-10T14:09:29.567127,2,60,https://hajj.nusuk.sa/sp/package/summary/087f0000-56b2-0050-7bd6-08dc2a41e5c1
Company AL RAJHI LIKHDEMAT AL TAJARIA MASANDA,2Luxury Line 2,36164.81,13,2024-06-10,2024-06-23,Luxury,Zone A,AlMuaisim Camp,35,34,2024-02-24T20:17:30.124202,1,35,https://hajj.nusuk.sa/sp/package/summary/782e0000-56b2-0050-9c8e-08dc3575a093
Company AL RAJHI LIKHDEMAT AL TAJARIA MASANDA,Luxury Line 2,36164.81,13,2024-06-10,2024-06-23,Luxury,Zone A,AlMuaisim Camp,301,295,2024-02-23T00:51:20.374804,6,52,https://hajj.nusuk.sa/sp/package/summary/98690000-56b2-0050-64b3-08dc34098cf1
Ithraa alkhair for pilgrims services,Ithraa Al Khair 06,36212.18,23,2024-06-09,2024-07-02,Luxury - Shifting,Zone A,AlMuaisim Camp,98,96,2024-02-10T13:37:35.5131165,2,49,https://hajj.nusuk.sa/sp/package/summary/d4810000-56b2-0050-051a-08dc2a3d70e4
Ithraa alkhair for pilgrims services,ITHRAA AL KHIR 65,36214.65,20,2024-06-02,2024-06-22,Premium,Zone C,AlMuaisim Camp,28,27,2024-02-23T10:24:14.9991588,1,28,https://hajj.nusuk.sa/sp/package/summary/58470000-56b2-0050-d09f-08dc345995d0
Ithraa alkhair for pilgrims services,Ithraa Al Khair 35,36214.65,20,2024-06-02,2024-06-22,Premium,Zone C,AlMuaisim Camp,148,145,2024-02-10T13:24:03.4316668,3,50,https://hajj.nusuk.sa/sp/package/summary/548a0000-56b2-0050-3959-08dc2a3b8cda
Ithraa alkhair for pilgrims services,Ithraa Al Khair 08,36250.19,25,2024-05-26,2024-06-20,Luxury - Shifting,Zone A,AlMuaisim Camp,94,92,2024-02-10T13:41:33.8337296,2,50,https://hajj.nusuk.sa/sp/package/summary/20190000-56b2-0050-dc09-08dc2a3dfef0
Company AL RAJHI LIKHDEMAT AL TAJARIA MASANDA,2Luxury Line 6,36339.25,11,2024-06-09,2024-06-20,Luxury,Zone A,AlMuaisim Camp,188,184,2024-02-24T17:52:57.1002476,4,48,https://hajj.nusuk.sa/sp/package/summary/e47d0000-56b2-0050-2e68-08dc35616f0d
Company AL RAJHI LIKHDEMAT AL TAJARIA MASANDA,Luxury Line 6,36339.25,11,2024-06-09,2024-06-20,Luxury,Zone A,AlMuaisim Camp,231,226,2024-02-14T02:36:17.9669693,5,48,https://hajj.nusuk.sa/sp/package/summary/84380000-56b2-0050-f2ad-08dc2d05b8e1
Company AL RAJHI LIKHDEMAT AL TAJARIA MASANDA,3Luxury Line 1,36881.33,13,2024-06-07,2024-06-20,Luxury,Zone A,AlMuaisim Camp,110,108,2024-02-24T11:15:43.0524247,2,55,https://hajj.nusuk.sa/sp/package/summary/782e0000-56b2-0050-194b-08dc3529f0da
Company AL RAJHI LIKHDEMAT AL TAJARIA MASANDA,Luxury line 1,36881.33,13,2024-06-07,2024-06-20,Luxury,Zone A,AlMuaisim Camp,240,235,2024-02-05T18:27:51.0737674,5,48,https://hajj.nusuk.sa/sp/package/summary/98470000-56b2-0050-eef3-08dc2678294e
Al Bait Guests for Pilgrims Services,D2000 Luxury Shifting Classic,36950.01,14,2024-06-10,2024-06-24,Luxury - Shifting,Zone A,AlMuaisim Camp,190,186,2024-02-26T14:40:12.6000528,4,50,https://hajj.nusuk.sa/sp/package/summary/f4210000-56b2-0050-fd7b-08dc36d8d6e5
Al Bait Guests for Pilgrims Services,A10000 Luxury Shifting Extended,36950.07,21,2024-05-31,2024-06-21,Luxury - Shifting,Zone A,AlMuaisim Camp,255,249,2024-02-15T12:01:50.7935297,6,47,https://hajj.nusuk.sa/sp/package/summary/f0520000-56b2-0050-203f-08dc2e1de4d6
Al Bait Guests for Pilgrims Services,A6000 Luxury Shifting Extended,36950.08,24,2024-06-08,2024-07-02,Luxury - Shifting,Zone A,AlMuaisim Camp,240,234,2024-02-23T17:09:40.395195,6,46,https://hajj.nusuk.sa/sp/package/summary/0c920000-56b2-0050-af34-08dc349238e1
Al Bait Guests for Pilgrims Services,A9000 Luxury Shifting Extended,36950.08,21,2024-05-31,2024-06-21,Luxury - Shifting,Zone A,AlMuaisim Camp,149,145,2024-02-14T21:43:28.3128399,4,46,https://hajj.nusuk.sa/sp/package/summary/90500000-56b2-0050-3c46-08dc2da5faf7
Al Bait Guests for Pilgrims Services,D5000 Luxury Shifting Extended,36954.11,20,2024-06-10,2024-06-30,Luxury - Shifting,Zone A,AlMuaisim Camp,240,234,2024-02-21T23:01:41.8948434,6,42,https://hajj.nusuk.sa/sp/package/summary/d4950000-56b2-0050-4340-08dc33311173
MCDC For Hajj And Umrah servises,MCDC1002OM,36986.43,16,2024-06-08,2024-06-24,Luxury,Zone A,AlMuaisim Camp,52,51,2024-02-15T17:51:19.4297196,1,52,https://hajj.nusuk.sa/sp/package/summary/58560000-56b2-0050-176a-08dc2e4eb71e
Dur Hospitality company,Dur Luxury,37079.12,14,2024-06-07,2024-06-21,Luxury,Zone A,Majar AlKabsh Camp,365,357,2024-02-10T09:50:09.3504969,8,49,https://hajj.nusuk.sa/sp/package/summary/781e0000-56b2-0050-d9ab-08dc2a1dab24
Company AL RAJHI LIKHDEMAT AL TAJARIA MASANDA,Premium Shifting Line 3,37234.8,23,2024-05-28,2024-06-20,Premium - Shifting,Zone A,AlMuaisim Camp,98,97,2024-02-14T13:50:16.3468555,1,98,https://hajj.nusuk.sa/sp/package/summary/64490000-56b2-0050-08fb-08dc2d63e009
SEERA GROUP HOLDING,MAW Elite SEA 30,37299.99,17,2024-06-09,2024-06-26,Luxury - Shifting,None,Majar AlKabsh Camp,65,64,2024-02-15T16:42:23.6362208,1,65,https://hajj.nusuk.sa/sp/package/summary/cc470000-56b2-0050-15c9-08dc2e4515fe
MCDC For Hajj And Umrah servises,MCDC1065HJ,37588.14,15,2024-06-09,2024-06-24,Luxury,Zone A,AlMuaisim Camp,76,74,2024-02-17T11:54:46.1011613,2,50,https://hajj.nusuk.sa/sp/package/summary/4c5d0000-56b2-0050-b690-08dc2faf3c86
Company AL RAJHI LIKHDEMAT AL TAJARIA MASANDA,2 Luxury Line 1,37597.86,14,2024-06-07,2024-06-21,Luxury,Zone A,AlMuaisim Camp,34,33,2024-02-19T16:00:30.2093855,1,34,https://hajj.nusuk.sa/sp/package/summary/5c3b0000-56b2-0050-961c-08dc3163e586
MCDC For Hajj And Umrah servises,MCDC1070HJ,37741.53,16,2024-06-08,2024-06-24,Luxury,Zone A,AlMuaisim Camp,48,47,2024-02-17T01:49:46.0926666,1,48,https://hajj.nusuk.sa/sp/package/summary/f8660000-56b2-0050-fcb6-08dc2f5ab808
MCDC For Hajj And Umrah servises,MCDC1053HJ,37803.12,19,2024-06-02,2024-06-21,Luxury,Zone A,AlMuaisim Camp,52,51,2024-02-14T22:50:18.863755,1,52,https://hajj.nusuk.sa/sp/package/summary/2c490000-56b2-0050-bd5d-08dc2daf5170
Rawaf Mina Company for Pilgrimage Services,RAWAF VOCO 365,37909.37,23,2024-05-31,2024-06-23,Standard,Zone C,Majar AlKabsh Camp,120,118,2024-02-26T21:54:22.7694272,2,60,https://hajj.nusuk.sa/sp/package/summary/442b0000-56b2-0050-62b3-08dc37157e02
Ithraa alkhair for pilgrims services,Ithraa Al Khair 12,37931.21,21,2024-06-11,2024-07-02,Luxury - Shifting,Zone A,AlMuaisim Camp,198,196,2024-02-10T13:56:39.7724807,2,100,https://hajj.nusuk.sa/sp/package/summary/d4810000-56b2-0050-2486-08dc2a401aec
Rawaf Mina Company for Pilgrimage Services,RAWAF VOCO 250 MAJAR ALKABSH,37939.27,18,2024-06-06,2024-06-24,Premium,Zone C,Majar AlKabsh Camp,112,110,2024-02-26T11:54:31.8112338,2,56,https://hajj.nusuk.sa/sp/package/summary/40290000-56b2-0050-fe30-08dc36c1b1b9
Al Bait Guests for Pilgrims Services,B2000 Premium Non Shifting Extended,37954.1,18,2024-06-02,2024-06-20,Premium,Zone A,AlMuaisim Camp,180,176,2024-02-15T16:35:47.4993174,4,46,https://hajj.nusuk.sa/sp/package/summary/2c970000-56b2-0050-6406-08dc2e4429e0
SEERA GROUP HOLDING,MAW Elite SEA 3,38000.0,17,2024-06-09,2024-06-26,Luxury - Shifting,None,Majar AlKabsh Camp,50,49,2024-02-13T16:34:40.503692,1,50,https://hajj.nusuk.sa/sp/package/summary/cc370000-56b2-0050-2b5d-08dc2cb1ad1e
SEERA GROUP HOLDING,MAW HSR Gold 02,38000.0,14,2024-06-07,2024-06-21,Luxury,None,AlMuaisim Camp,70,68,2024-02-14T18:50:06.1958731,2,40,https://hajj.nusuk.sa/sp/package/summary/2c490000-56b2-0050-2635-08dc2d8dc2d2
Ithraa alkhair for pilgrims services,Ithraa Al Khair 10,38235.25,21,2024-06-11,2024-07-02,Luxury - Shifting,Zone A,AlMuaisim Camp,198,194,2024-02-10T13:49:58.7685604,4,50,https://hajj.nusuk.sa/sp/package/summary/dc950000-56b2-0050-cccf-08dc2a3f2be7
Ithraa alkhair for pilgrims services,Ithraa Al Khair 56,38296.91,20,2024-06-07,2024-06-27,Luxury - Shifting,None,Majar AlKabsh Camp,100,98,2024-02-15T14:28:12.1694487,2,50,https://hajj.nusuk.sa/sp/package/summary/f0520000-56b2-0050-c115-08dc2e3256f1
MCDC For Hajj And Umrah servises,MCDC1130ANS,38462.25,14,2024-06-07,2024-06-21,Luxury,Zone A,AlMuaisim Camp,48,47,2024-02-18T11:54:12.5047045,1,48,https://hajj.nusuk.sa/sp/package/summary/ac7e0000-56b2-0050-0ce6-08dc307852ea
Al Bait Guests for Pilgrims Services,A11100 Luxury Shifting Classic,38500.53,15,2024-06-05,2024-06-20,Luxury - Shifting,Zone A,Majar AlKabsh Camp,90,88,2024-02-27T00:38:25.2907524,2,50,https://hajj.nusuk.sa/sp/package/summary/343a0000-56b2-0050-f3f2-08dc372c689b
Ithraa alkhair for pilgrims services,Ithraa Al Khair 11,38507.54,17,2024-06-10,2024-06-27,Luxury - Shifting,Zone A,AlMuaisim Camp,94,92,2024-02-10T13:53:13.3965011,2,47,https://hajj.nusuk.sa/sp/package/summary/d4810000-56b2-0050-aad1-08dc2a3f9fe9
Company AL RAJHI LIKHDEMAT AL TAJARIA MASANDA,Luxury Line 5,38519.98,11,2024-06-09,2024-06-20,Luxury,Zone A,AlMuaisim Camp,568,556,2024-02-14T02:06:00.4164761,12,48,https://hajj.nusuk.sa/sp/package/summary/c48d0000-56b2-0050-c097-08dc2d017d89
Ithraa alkhair for pilgrims services,Ithraa Al Khair 61,38602.73,17,2024-06-07,2024-06-24,Luxury - Shifting,None,AlMuaisim Camp,200,196,2024-02-18T20:30:21.2070033,4,50,https://hajj.nusuk.sa/sp/package/summary/d4f30000-56b2-0050-0277-08dc30c06db3
Ithraa alkhair for pilgrims services,Ithraa Al Khair 17,38627.14,17,2024-06-07,2024-06-24,Luxury - Shifting,None,Majar AlKabsh Camp,300,294,2024-02-10T13:56:31.4750387,6,50,https://hajj.nusuk.sa/sp/package/summary/20190000-56b2-0050-0db0-08dc2a4015fa
Al Bait Guests for Pilgrims Services,A17000 Premium Non Shifting Classic,38950.06,13,2024-06-07,2024-06-20,Premium,Zone A,AlMuaisim Camp,149,145,2024-02-15T00:18:07.2598399,4,46,https://hajj.nusuk.sa/sp/package/summary/2c490000-56b2-0050-2f6e-08dc2dbb95a6
Al Bait Guests for Pilgrims Services,A14100 Premium Non Shifting Classic,38950.07,13,2024-06-07,2024-06-20,Premium,Zone A,AlMuaisim Camp,90,88,2024-02-15T00:13:35.2638899,2,46,https://hajj.nusuk.sa/sp/package/summary/64490000-56b2-0050-e5a7-08dc2dbaf386
Company AL RAJHI LIKHDEMAT AL TAJARIA MASANDA,2 Luxury Line 3,39090.72,13,2024-06-10,2024-06-23,Luxury,Zone A,AlMuaisim Camp,49,48,2024-02-23T22:52:06.8481959,1,49,https://hajj.nusuk.sa/sp/package/summary/38780000-56b2-0050-9b9c-08dc34c20f85
Company AL RAJHI LIKHDEMAT AL TAJARIA MASANDA,Luxury Line 3,39283.88,13,2024-06-10,2024-06-23,Luxury,Zone A,AlMuaisim Camp,77,76,2024-02-14T01:45:59.8862114,1,77,https://hajj.nusuk.sa/sp/package/summary/84380000-56b2-0050-5f0a-08dc2cfeb1f7
Al Burj International Company,Al Burj Premium Shifting Package AB4000,39394.17,22,2024-06-09,2024-07-01,Premium - Shifting,Zone A,AlMuaisim Camp,282,276,2024-02-19T12:31:35.7459275,6,47,https://hajj.nusuk.sa/sp/package/summary/dc820000-56b2-0050-3f39-08dc3146b667
SEERA GROUP HOLDING,MAW Elite SEA 300,39499.99,17,2024-06-09,2024-06-26,Luxury - Shifting,None,Majar AlKabsh Camp,130,129,2024-02-15T13:13:43.877236,1,130,https://hajj.nusuk.sa/sp/package/summary/2c970000-56b2-0050-786c-08dc2e27efa2
SEERA GROUP HOLDING,MAW Elite SEA 400,39499.99,23,2024-06-10,2024-07-03,Luxury - Shifting,None,Majar AlKabsh Camp,130,129,2024-02-15T18:02:15.3794153,1,130,https://hajj.nusuk.sa/sp/package/summary/2c970000-56b2-0050-125d-08dc2e503e18
SEERA GROUP HOLDING,MAW Elite SEA 4,39500.0,23,2024-06-10,2024-07-03,Luxury - Shifting,None,Majar AlKabsh Camp,50,49,2024-02-15T18:23:04.565183,1,50,https://hajj.nusuk.sa/sp/package/summary/0c3e0000-56b2-0050-b16b-08dc2e5326aa
SEERA GROUP HOLDING,MAW Elite SEA 40,39500.0,23,2024-06-10,2024-07-03,Luxury - Shifting,None,Majar AlKabsh Camp,65,64,2024-02-15T17:19:33.7506024,1,65,https://hajj.nusuk.sa/sp/package/summary/f0520000-56b2-0050-88e6-08dc2e4a473e
Company AL RAJHI LIKHDEMAT AL TAJARIA MASANDA,2Luxury Line 4,39510.0,13,2024-06-10,2024-06-23,Luxury,Zone A,AlMuaisim Camp,99,97,2024-02-24T17:43:44.8577124,2,50,https://hajj.nusuk.sa/sp/package/summary/782e0000-56b2-0050-a852-08dc356025e3
Ithraa alkhair for pilgrims services,Ithraa Al Khair 15,39574.22,20,2024-06-10,2024-06-30,Luxury - Shifting,None,AlMuaisim Camp,500,490,2024-02-10T13:40:20.656531,10,50,https://hajj.nusuk.sa/sp/package/summary/c4aa0000-56b2-0050-e7aa-08dc2a3dd352
Ithraa alkhair for pilgrims services,Ithraa Al Khair 16,39574.22,20,2024-06-11,2024-07-01,Luxury - Shifting,None,AlMuaisim Camp,500,492,2024-02-10T13:47:07.5709269,8,65,https://hajj.nusuk.sa/sp/package/summary/d4810000-56b2-0050-1d53-08dc2a3ec5dd
Company AL RAJHI LIKHDEMAT AL TAJARIA MASANDA,3Luxury Line 3,39837.16,13,2024-06-10,2024-06-23,Luxury,Zone A,AlMuaisim Camp,61,60,2024-02-24T17:31:59.272289,1,61,https://hajj.nusuk.sa/sp/package/summary/904d0000-56b2-0050-ddc7-08dc355e8153
Al Bait Guests for Pilgrims Services,A14000 Premium Non Shifting Classic,39950.06,16,2024-06-07,2024-06-23,Premium,Zone A,AlMuaisim Camp,165,161,2024-02-26T11:02:48.0301865,4,42,https://hajj.nusuk.sa/sp/package/summary/50080000-56b2-0050-9715-08dc36ba77ba
Al Bait Guests for Pilgrims Services,A4000 Luxury Non Shifting Classic,39950.07,14,2024-06-10,2024-06-24,Luxury,Zone A,AlMuaisim Camp,240,234,2024-02-15T00:11:10.602091,6,46,https://hajj.nusuk.sa/sp/package/summary/3c060000-56b2-0050-422c-08dc2dba9d4d
Al Bait Guests for Pilgrims Services,A2000 Luxury Non Shifting Extended,39950.08,18,2024-06-02,2024-06-20,Luxury,Zone A,AlMuaisim Camp,240,234,2024-02-26T20:53:01.7530999,6,42,https://hajj.nusuk.sa/sp/package/summary/38340000-56b2-0050-de50-08dc370cebf3
Al Bait Guests for Pilgrims Services,A12000 Luxury Non Shifting Express,39950.53,11,2024-06-10,2024-06-21,Luxury,Zone A,Majar AlKabsh Camp,255,249,2024-02-14T23:33:00.0624831,6,46,https://hajj.nusuk.sa/sp/package/summary/14220000-56b2-0050-a6ba-08dc2db54808
Al Bait Guests for Pilgrims Services,C2000 Luxury Shifting Classic,39950.54,16,2024-06-06,2024-06-22,Luxury - Shifting,Zone A,Majar AlKabsh Camp,305,299,2024-02-26T23:43:31.2715926,6,60,https://hajj.nusuk.sa/sp/package/summary/442e0000-56b2-0050-848b-08dc3724bd38
Al Bait Guests for Pilgrims Services,D2100 Luxury Shifting Classic,39950.56,17,2024-06-06,2024-06-23,Luxury - Shifting,Zone A,Majar AlKabsh Camp,190,186,2024-02-26T22:56:22.242432,4,50,https://hajj.nusuk.sa/sp/package/summary/343a0000-56b2-0050-ece8-08dc371e26fc
MCDC For Hajj And Umrah servises,MCDC1003OM,39984.76,15,2024-06-09,2024-06-24,Luxury,Zone A,AlMuaisim Camp,100,98,2024-02-15T01:24:18.7729304,2,50,https://hajj.nusuk.sa/sp/package/summary/2c930000-56b2-0050-fd81-08dc2dc4d4da
Company AL RAJHI LIKHDEMAT AL TAJARIA MASANDA,Luxury Line 4,39999.99,13,2024-06-10,2024-06-23,Luxury,Zone A,AlMuaisim Camp,155,152,2024-02-19T17:32:52.6922407,3,52,https://hajj.nusuk.sa/sp/package/summary/88980000-56b2-0050-5a96-08dc3170cd1a
Ithraa alkhair for pilgrims services,Ithraa Al Khair 53,40552.42,17,2024-06-10,2024-06-27,Premium,Zone C,Majar AlKabsh Camp,192,190,2024-02-10T13:48:22.9333524,2,100,https://hajj.nusuk.sa/sp/package/summary/f0750000-56b2-0050-8202-08dc2a3ef2c8
Al Bait Guests for Pilgrims Services,B3100 Premium Non Shifting Classic,40950.53,15,2024-06-06,2024-06-21,Premium,Zone A,Majar AlKabsh Camp,179,175,2024-02-25T19:32:20.0842022,4,47,https://hajj.nusuk.sa/sp/package/summary/b8190000-56b2-0050-1311-08dc36387bae
Al Bait Guests for Pilgrims Services,B4100 Premium Non Shifting Classic,40950.53,14,2024-06-10,2024-06-24,Premium,Zone A,Majar AlKabsh Camp,226,221,2024-02-25T19:54:49.9976176,5,47,https://hajj.nusuk.sa/sp/package/summary/f0300000-56b2-0050-83e9-08dc363ba04a
Al Burj International Company,Al Burj Premium Shifting Package AB3000,42460.9,22,2024-06-09,2024-07-01,Premium - Shifting,Zone A,AlMuaisim Camp,94,92,2024-02-19T19:16:00.8662507,2,47,https://hajj.nusuk.sa/sp/package/summary/fc7c0000-56b2-0050-c5c8-08dc317f358a
Ithraa alkhair for pilgrims services,Ithraa Al Khair 29,42812.92,20,2024-06-07,2024-06-27,Premium,Zone C,AlMuaisim Camp,18,17,2024-02-10T13:45:29.1641273,1,18,https://hajj.nusuk.sa/sp/package/summary/548a0000-56b2-0050-6dad-08dc2a3e8b35
Al Bait Guests for Pilgrims Services,B2100 Premium Non Shifting Extended,42950.53,18,2024-06-02,2024-06-20,Premium,Zone A,Majar AlKabsh Camp,140,137,2024-02-25T20:55:40.095927,3,47,https://hajj.nusuk.sa/sp/package/summary/b8190000-56b2-0050-5113-08dc36441feb
MCDC For Hajj And Umrah servises,MCDC1175EDM,43423.41,14,2024-06-07,2024-06-21,Luxury,Zone A,Majar AlKabsh Camp,48,47,2024-02-21T00:38:27.5638238,1,48,https://hajj.nusuk.sa/sp/package/summary/fc400000-56b2-0050-4bc8-08dc32756b7c
Al Bait Guests for Pilgrims Services,A3000 Luxury Non Shifting Classic,43950.53,15,2024-06-06,2024-06-21,Luxury,Zone A,Majar AlKabsh Camp,50,49,2024-02-26T20:03:56.9922556,1,50,https://hajj.nusuk.sa/sp/package/summary/383b0000-56b2-0050-05e6-08dc370610bd
Ithraa alkhair for pilgrims services,Ithraa Al Khair 20,44272.62,18,2024-06-09,2024-06-27,Premium,Zone C,AlMuaisim Camp,52,51,2024-02-10T13:17:06.9652239,1,52,https://hajj.nusuk.sa/sp/package/summary/c46c0000-56b2-0050-7d0a-08dc2a3a949e
Ithraa alkhair for pilgrims services,Ithraa Al Khair 21,44658.45,14,2024-06-10,2024-06-24,Luxury,None,AlMuaisim Camp,400,392,2024-02-10T13:18:47.5148571,8,50,https://hajj.nusuk.sa/sp/package/summary/c46c0000-56b2-0050-2518-08dc2a3ad08d
Al Bait Guests for Pilgrims Services,D3000 Luxury Non Shifting Express,44954.08,11,2024-06-10,2024-06-21,Luxury,Zone A,AlMuaisim Camp,239,233,2024-02-15T17:11:07.0499748,6,47,https://hajj.nusuk.sa/sp/package/summary/0c3e0000-56b2-0050-2793-08dc2e49193a
Ithraa alkhair for pilgrims services,Ithraa Al Khair 09,45178.7,24,2024-05-27,2024-06-20,Luxury - Shifting,Zone A,AlMuaisim Camp,98,96,2024-02-10T13:43:43.0718825,2,49,https://hajj.nusuk.sa/sp/package/summary/f0750000-56b2-0050-0961-08dc2a3e4bf9
Ithraa alkhair for pilgrims services,Ithraa Al Khair 19,45244.61,14,2024-06-10,2024-06-24,Luxury,None,AlMuaisim Camp,56,55,2024-02-10T13:14:52.3807674,1,56,https://hajj.nusuk.sa/sp/package/summary/3c820000-56b2-0050-8793-08dc2a3a4466
Al Burj International Company,Al Burj DS Deluxe A Package,45487.1,14,2024-06-07,2024-06-21,Luxury - Shifting,Zone A,Majar AlKabsh Camp,140,137,2024-02-20T16:53:32.4896824,3,47,https://hajj.nusuk.sa/sp/package/summary/a46e0000-56b2-0050-c627-08dc323478b9
Al Burj International Company,Al Burj DS Deluxe B Package,45487.1,14,2024-06-09,2024-06-23,Luxury - Shifting,Zone A,Majar AlKabsh Camp,300,293,2024-02-21T09:41:27.0749342,7,47,https://hajj.nusuk.sa/sp/package/summary/5c830000-56b2-0050-2c8e-08dc32c14663
Al Burj International Company,Al Burj Luxury Package AB1000,45727.62,14,2024-06-10,2024-06-24,Luxury,Zone A,AlMuaisim Camp,329,322,2024-02-16T21:11:54.8577416,7,47,https://hajj.nusuk.sa/sp/package/summary/a4700000-56b2-0050-6a87-08dc2f33e734
Ithraa alkhair for pilgrims services,Ithraa Al Khair 25,45779.34,21,2024-06-02,2024-06-23,Premium,Zone C,AlMuaisim Camp,16,15,2024-02-10T13:39:38.5995849,1,16,https://hajj.nusuk.sa/sp/package/summary/548a0000-56b2-0050-8641-08dc2a3dba41
Ithraa alkhair for pilgrims services,Ithraa Al Khair 28,45859.69,20,2024-06-07,2024-06-27,Premium,Zone C,AlMuaisim Camp,18,17,2024-02-10T13:44:17.1951811,1,18,https://hajj.nusuk.sa/sp/package/summary/20190000-56b2-0050-d6c2-08dc2a3e604f
Abdul Lateef Jameel Real Estate Investment Co. Ltd.,HFC Hajj Jameel Saja,45931.19,14,2024-06-07,2024-06-21,Luxury,Zone A,AlMuaisim Camp,300,296,2024-02-19T09:37:48.3891835,4,75,https://hajj.nusuk.sa/sp/package/summary/b0830000-56b2-0050-e073-08dc312e6f36
Ithraa alkhair for pilgrims services,Ithraa Al Khair 26,46500.03,17,2024-06-07,2024-06-24,Luxury,Zone C,AlMuaisim Camp,52,51,2024-02-10T13:41:14.1696055,1,52,https://hajj.nusuk.sa/sp/package/summary/20190000-56b2-0050-5a36-08dc2a3df338
Ithraa alkhair for pilgrims services,Ithraa Al Khair 27,46500.03,18,2024-06-07,2024-06-25,Luxury,Zone C,AlMuaisim Camp,18,17,2024-02-10T13:42:47.943492,1,18,https://hajj.nusuk.sa/sp/package/summary/c4aa0000-56b2-0050-1c8f-08dc2a3e2b1d
Ithraa alkhair for pilgrims services,Ithraa Al Khair 22,46500.53,20,2024-06-02,2024-06-22,Luxury,Zone C,AlMuaisim Camp,72,71,2024-02-10T13:21:51.9003087,1,72,https://hajj.nusuk.sa/sp/package/summary/dc950000-56b2-0050-21a4-08dc2a3b3e74
Ithraa alkhair for pilgrims services,Ithraa Al Khair 24,46500.85,16,2024-06-07,2024-06-23,Luxury,Zone C,AlMuaisim Camp,18,17,2024-02-10T13:34:19.0248783,1,18,https://hajj.nusuk.sa/sp/package/summary/dc950000-56b2-0050-4b3c-08dc2a3cfbc6
Al Bait Guests for Pilgrims Services,D1000 Luxury Non Shifting Classic,46954.08,13,2024-06-10,2024-06-23,Luxury,Zone A,AlMuaisim Camp,156,152,2024-02-18T12:37:55.8067139,4,46,https://hajj.nusuk.sa/sp/package/summary/8c210000-56b2-0050-2bbe-08dc307e6e86
Al Bait Guests for Pilgrims Services,D1001 Luxury Non Shifting Classic,46954.08,13,2024-06-10,2024-06-23,Luxury,Zone A,AlMuaisim Camp,71,69,2024-02-19T17:28:23.1553181,2,46,https://hajj.nusuk.sa/sp/package/summary/5c3b0000-56b2-0050-489b-08dc31702c72
Ithraa alkhair for pilgrims services,Ithraa Al Khair 34,47496.19,13,2024-06-07,2024-06-20,Luxury,Zone A,AlMuaisim Camp,80,79,2024-02-10T13:48:09.4990379,1,80,https://hajj.nusuk.sa/sp/package/summary/c4aa0000-56b2-0050-981a-08dc2a3eeac6
SEERA GROUP HOLDING,MAW Elite DST 0003,47500.0,14,2024-06-10,2024-06-24,Luxury - Shifting,Zone A,Majar AlKabsh Camp,200,196,2024-03-04T09:29:22.1343335,4,50,https://hajj.nusuk.sa/sp/package/summary/f0500000-56b2-0050-0450-08dc3c2d933f
Ithraa alkhair for pilgrims services,Ithraa Al Khair 60,47669.7,13,2024-06-07,2024-06-20,Luxury,Zone A,Majar AlKabsh Camp,96,94,2024-02-17T15:32:35.0772761,2,48,https://hajj.nusuk.sa/sp/package/summary/380c0000-56b2-0050-3604-08dc2fcdaa3e
Ithraa alkhair for pilgrims services,Ithraa Al Khair 32,47669.73,14,2024-06-10,2024-06-24,Luxury,Zone A,AlMuaisim Camp,48,47,2024-02-10T13:42:01.2944651,1,48,https://hajj.nusuk.sa/sp/package/summary/20190000-56b2-0050-0909-08dc2a3e0f4f
MCDC For Hajj And Umrah servises,MCDC1063HJ,47677.96,13,2024-06-10,2024-06-23,Luxury,Zone A,Majar AlKabsh Camp,52,51,2024-02-17T01:35:38.4380419,1,52,https://hajj.nusuk.sa/sp/package/summary/4c730000-56b2-0050-27fd-08dc2f58becb
Ithraa alkhair for pilgrims services,Ithraa Al Khair 59,47678.1,14,2024-06-10,2024-06-24,Luxury,Zone A,AlMuaisim Camp,80,79,2024-02-17T15:09:18.7671073,1,80,https://hajj.nusuk.sa/sp/package/summary/4c5d0000-56b2-0050-300d-08dc2fca69fa
Al Bait Guests for Pilgrims Services,C3000 Luxury Non Shifting Express,47950.54,10,2024-06-10,2024-06-20,Luxury,Zone A,Majar AlKabsh Camp,305,298,2024-02-06T08:21:40.7024167,7,46,https://hajj.nusuk.sa/sp/package/summary/98470000-56b2-0050-7012-08dc26eca54a
Al Bait Guests for Pilgrims Services,D1200 Premium Non Shifting Express,47950.54,13,2024-06-10,2024-06-23,Premium,Zone A,Majar AlKabsh Camp,130,126,2024-02-15T00:36:54.8108809,4,42,https://hajj.nusuk.sa/sp/package/summary/18550000-56b2-0050-d1ef-08dc2dbe35b8
Ithraa alkhair for pilgrims services,Ithraa Al Khair 07,48211.15,15,2024-06-10,2024-06-25,Luxury,Zone A,Majar AlKabsh Camp,188,184,2024-02-10T13:39:49.5180857,4,48,https://hajj.nusuk.sa/sp/package/summary/dc950000-56b2-0050-8e1f-08dc2a3dc0c3
Ithraa alkhair for pilgrims services,ITHRAA AL KHIR 03,48376.88,13,2024-06-11,2024-06-24,Luxury,Zone A,Majar AlKabsh Camp,97,95,2024-02-14T21:35:45.2877373,2,49,https://hajj.nusuk.sa/sp/package/summary/48ab0000-56b2-0050-3630-08dc2da4e6fb
Ithraa alkhair for pilgrims services,Ithraa Al Khair 30,48917.71,15,2024-06-05,2024-06-20,Luxury,Zone A,AlMuaisim Camp,90,88,2024-02-10T13:33:08.6782613,2,47,https://hajj.nusuk.sa/sp/package/summary/c46c0000-56b2-0050-408d-08dc2a3cd1d8
Ithraa alkhair for pilgrims services,Ithraa Al Khair 33,48938.58,14,2024-06-06,2024-06-20,Luxury,Zone A,AlMuaisim Camp,80,78,2024-02-10T13:44:38.416582,2,47,https://hajj.nusuk.sa/sp/package/summary/c46c0000-56b2-0050-f7b9-08dc2a3e6cf5
Abdul Lateef Jameel Real Estate Investment Co. Ltd.,GMK Hajj Jameel Saja  1,48983.3,14,2024-06-07,2024-06-21,Luxury,Zone A,Majar AlKabsh Camp,500,496,2024-02-19T16:39:14.431106,4,125,https://hajj.nusuk.sa/sp/package/summary/185c0000-56b2-0050-ad09-08dc31694ede
Abdul Lateef Jameel Real Estate Investment Co. Ltd.,GMK Hajj Jameel Shaza Regency,48983.3,14,2024-06-07,2024-06-21,Standard,Zone A,Majar AlKabsh Camp,300,296,2024-02-19T18:33:50.2696642,4,80,https://hajj.nusuk.sa/sp/package/summary/185c0000-56b2-0050-60a6-08dc31795130
MCDC For Hajj And Umrah servises,MCDC6666AMX,49194.64,13,2024-06-07,2024-06-20,Luxury,Zone A,Majar AlKabsh Camp,52,51,2024-02-27T00:37:06.6973126,1,52,https://hajj.nusuk.sa/sp/package/summary/383f0000-56b2-0050-8bad-08dc372c39c3
Ithraa alkhair for pilgrims services,Ithraa Al Khair 18,49267.89,14,2024-06-10,2024-06-24,Luxury,None,AlMuaisim Camp,144,141,2024-02-10T13:11:16.2203595,3,49,https://hajj.nusuk.sa/sp/package/summary/c46c0000-56b2-0050-11c7-08dc2a39c38f
Rawaf Mina Company for Pilgrimage Services,RAWAF THE ADRESS 370,49367.55,13,2024-06-07,2024-06-20,Standard,None,Majar AlKabsh Camp,80,79,2024-02-27T13:33:06.2453767,1,80,https://hajj.nusuk.sa/sp/package/summary/603a0000-56b2-0050-c602-08dc3798a16a
Ithraa alkhair for pilgrims services,Ithraa Al Khair 58,49500.78,14,2024-06-10,2024-06-24,Luxury,Zone A,AlMuaisim Camp,16,15,2024-02-16T21:00:25.864612,1,16,https://hajj.nusuk.sa/sp/package/summary/a4700000-56b2-0050-6863-08dc2f324c88
Ithraa alkhair for pilgrims services,Ithraa Al Khair 23,49607.68,13,2024-06-07,2024-06-20,Luxury,Zone A,Majar AlKabsh Camp,368,361,2024-02-10T13:27:13.4702872,7,60,https://hajj.nusuk.sa/sp/package/summary/548a0000-56b2-0050-d107-08dc2a3bfe1f
Al Bait Guests for Pilgrims Services,D3100 Luxury Non Shifting Express,49950.37,11,2024-06-10,2024-06-21,Luxury,Zone A,Majar AlKabsh Camp,141,138,2024-02-26T10:41:36.9169202,3,47,https://hajj.nusuk.sa/sp/package/summary/342b0000-56b2-0050-192f-08dc36b78216
Al Bait Guests for Pilgrims Services,D1100 Luxury Non Shifting Classic,49950.54,13,2024-06-07,2024-06-20,Luxury,Zone A,Majar AlKabsh Camp,94,91,2024-02-18T12:17:53.0420652,3,46,https://hajj.nusuk.sa/sp/package/summary/bc950000-56b2-0050-d99a-08dc307ba19e
Abdul Lateef Jameel Real Estate Investment Co. Ltd.,Hajj Jameel Dalah Taibah,49975.44,14,2024-06-07,2024-06-21,Luxury,Zone A,Majar AlKabsh Camp,1000,990,2024-02-18T12:51:52.2037737,10,100,https://hajj.nusuk.sa/sp/package/summary/443a0000-56b2-0050-3bd7-08dc3080610e
SEERA GROUP HOLDING,MAW Elite DST 0002,50500.0,10,2024-06-10,2024-06-20,Luxury,Zone A,Majar AlKabsh Camp,200,196,2024-02-19T12:36:30.2156945,4,50,https://hajj.nusuk.sa/sp/package/summary/00260000-56b2-0050-c487-08dc314765eb
Abdul Lateef Jameel Real Estate Investment Co. Ltd.,DS Hajj Jameel Crowne Plaza 1,51779.8,14,2024-06-07,2024-06-21,Luxury,Zone A,Majar AlKabsh Camp,248,246,2024-02-22T10:34:57.3480918,2,125,https://hajj.nusuk.sa/sp/package/summary/2c810000-56b2-0050-bbd1-08dc3391ea45
Abdul Lateef Jameel Real Estate Investment Co. Ltd.,HFC Hajj Jameel Anawr Movenpick,51974.28,14,2024-06-07,2024-06-21,Luxury,Zone A,Majar AlKabsh Camp,400,396,2024-02-19T09:19:42.0120626,4,100,https://hajj.nusuk.sa/sp/package/summary/dc820000-56b2-0050-e216-08dc312be7ae
Abdul Lateef Jameel Real Estate Investment Co. Ltd.,DS Hajj Jameel Crowne Plaza,51975.43,13,2024-06-10,2024-06-23,Luxury,Zone A,Majar AlKabsh Camp,248,246,2024-02-21T09:29:02.6480031,2,125,https://hajj.nusuk.sa/sp/package/summary/3c9f0000-56b2-0050-a389-08dc32bf8aac
Rawaf Mina Company for Pilgrimage Services,RAWAF SWISS AL MAQAM 101,52344.55,14,2024-06-07,2024-06-21,Luxury,Zone A,Majar AlKabsh Camp,156,152,2024-02-21T11:53:48.7348541,4,46,https://hajj.nusuk.sa/sp/package/summary/68670000-56b2-0050-4f2f-08dc32d3c3fc
Ithraa alkhair for pilgrims services,Ithraa Al Khair 31,52691.63,14,2024-06-10,2024-06-24,Luxury,Zone A,AlMuaisim Camp,32,31,2024-02-10T13:39:30.3987357,1,32,https://hajj.nusuk.sa/sp/package/summary/d4810000-56b2-0050-2c98-08dc2a3db55e
Al Bait Guests for Pilgrims Services,C1000 Luxury Non Shifting Classic,52950.54,13,2024-06-07,2024-06-20,Luxury,Zone A,Majar AlKabsh Camp,265,258,2024-02-15T00:05:27.0396797,7,42,https://hajj.nusuk.sa/sp/package/summary/28940000-56b2-0050-cb6f-08dc2db9d085
Al Burj International Company,Al Burj Luxury DS Executive B Package,53777.24,11,2024-06-10,2024-06-21,Luxury,Zone A,Majar AlKabsh Camp,298,291,2024-02-20T10:43:51.6419351,7,47,https://hajj.nusuk.sa/sp/package/summary/88980000-56b2-0050-010a-08dc3200d3e9
SEERA GROUP HOLDING,MAW Elite DST 0001,54490.0,14,2024-06-07,2024-06-21,Luxury,Zone A,Majar AlKabsh Camp,98,96,2024-02-21T12:08:40.3847099,2,50,https://hajj.nusuk.sa/sp/package/summary/d4950000-56b2-0050-47a9-08dc32d5d773
Rawaf Mina Company for Pilgrimage Services,RAWAF THE ADRESS 102,54750.84,13,2024-06-07,2024-06-20,Luxury,None,Majar AlKabsh Camp,120,118,2024-02-27T13:28:15.4039224,2,60,https://hajj.nusuk.sa/sp/package/summary/cc240000-56b2-0050-e3ac-08dc3797f40f
Al Burj International Company,Al Burj Luxury DS Executive A Package,54948.96,11,2024-06-10,2024-06-21,Luxury,Zone A,Majar AlKabsh Camp,146,142,2024-02-19T23:44:24.2191263,4,47,https://hajj.nusuk.sa/sp/package/summary/fc3a0000-56b2-0050-6b87-08dc31a4b3e3
Al Burj International Company,Al Burj Luxury DS Signature B Package,55952.11,14,2024-06-07,2024-06-21,Luxury,Zone A,Majar AlKabsh Camp,98,95,2024-02-20T12:12:55.6498547,3,47,https://hajj.nusuk.sa/sp/package/summary/94650000-56b2-0050-e665-08dc320d452f
Al Burj International Company,Al Burj Luxury DS Signature A Package,58775.21,14,2024-06-07,2024-06-21,Luxury,Zone A,Majar AlKabsh Camp,98,95,2024-02-20T11:37:32.2185192,3,47,https://hajj.nusuk.sa/sp/package/summary/788e0000-56b2-0050-fdcc-08dc32085385